品牌,商品名稱,月份,分數,內容
KISSME開架,KISSME專屬型色眉彩膏EX,2025/07,7,非常謝謝 @cosme 💗 讓我有機會參加這次 KISSME 專屬型色眉彩膏 EX 的體驗會，不只試用了超好用的眉彩膏，還遇到非常專業又親切的講師與@cosme工作人員。 現場的講解、試色、疊擦教學都讓我受益很多（老師超級有耐心幫我們一個個回答心中疑問），也更認識了適合自己的眉妝風格 ✨ 真心覺得
KISSME開架,KISSME專屬型色眉彩膏EX,2025/07,5,■膚質：混合偏油、T字炸油(臉頰中性)、鼻翼酒槽、眼下乾 □眉毛狀況：高低眉、兩邊眉毛後1/3處特別空，左邊1/2處常常過濃，霧眉過，化妝手殘者 終於有機會試用彩妝品了！ 目前使用過：kate的眉粉、眉筆、染眉膏；1028的三角眉筆 kate的眉粉比較好掌控 眉筆和染眉膏顯色度比較高 1028
KISSME開架,KISSME專屬型色眉彩膏EX,2025/07,6,感謝＠cosme與奇士美提供試用機會～ 小樣真是太可愛了😍小包女孩的最愛 以前使用染眉膏都怕刷毛結塊、上色不均 結果沒想到 Kiss Me 的這支專屬型色眉彩膏 EX04 自然棕 讓平常只用眉粉的我顛覆想像第一次使用眉彩膏的朋友一定要記得這個小步驟：「先逆著毛刷上，再順著刷回去」 能讓眉毛更立體、著
KISSME開架,KISSME專屬型色眉彩膏EX,2025/07,7,謝謝@cosme舉辦的KISSME開架「專屬型色眉彩膏EX」網友體驗會 很高興能參加這場活動!! 活動流程簡單回顧： 1. 一開始是挑選最適合自己髮色的染眉膏與眉筆，因為我沒有染頭髮，選了08霧灰棕自然色，很剛好。 2. 接著是專業彩妝師的細心講解與教學，內容包含：  ✔️ 今年流行的「空氣感羽毛
KISSME開架,KISSME專屬型色眉彩膏EX,2025/07,5,"先說這個迷你小瓶裝是參加美妝遊樂園兌換到的， 小小的很可愛，但蓋子的比例好像有點大這樣， 小瓶裝的優點就是很方便帶在包裡, 真的會讓人想要來個小旅行～7/12除了跟貼心的網友們一起逛遊樂園外， 我還報名了這個KISSME的現場活動， 最棒的是位專業彩妝師幫我們有如上課一般的 教我們畫眉的方式和技巧，"
KISSME開架,KISSME專屬型色眉彩膏EX,2025/07,6,這是這次試用的產品 KISSME 專屬型色眉彩膏EX 使用的色號是04號自然棕管身簡單沒有過多的花樣 黑色瓶蓋透明塑膠管身 看得到裡面膏體的顏色膏體稍微偏乾 不會一抽出來就滿滿濕潤的膏體 所以刷出來的量比較少 少量多次慢慢畫剛剛好刷頭的部分是小刷頭 很好刷這是我的素眉 我算是有眉毛的人 通常畫眉毛會強
KISSME開架,KISSME專屬型色眉彩膏EX,2025/07,5,嗨嗨 @cosme的🐢🐝們 很高興被選為當任本月的試用員 這次要試用的產品就是這款⬇️⬇️⬇️🪞KISSME專屬型色眉彩膏EX(8g) 🔔銷售有實體店面/網路行銷🈶 康是美/屈臣氏/寶雅/松本清/奇士美官方商城/momo購物網…等通入上市 ———————————————————————— ❤
KISSME開架,KISSME專屬型色眉彩膏EX,2025/07,6,感謝 @cosme和KISSME 讓我獲得這次的產品體驗! 一直都有聽說KISSME的眉毛產品也很好用! 這次剛好有機會可以試用了!! 這次拿到的產品: ☑️KISSME專屬型色眉彩膏EX #色號: 08霧灰棕我頭髮是黑色，這個色號很剛好! 染眉膏總共有多達7種色號可以依髮色挑選搭配合適眉色 使用
KISSME開架,KISSME專屬型色眉彩膏EX,2025/07,7,感謝Kissme跟@Cosme讓我有機會適用到好商品 感謝VIP會員可以索取好商品試用😄 試用的小包裝～非常可愛 也很適合旅行用 很像睫毛膏🤣四號跟我常用的眉筆顏色很相近👆上面的是我常用的眉筆 我從來沒用過眉筆以外的畫眉方法 直到我用到這個！ 我整個開啟新境界 一用立刻被圈粉！先用我常用的眉筆把眉毛外
KISSME開架,KISSME專屬型色眉彩膏EX,2025/07,6,這次是參加實體活動，顏色可以自選，拿的試用品項如下 持色自然柔霧眉筆 08霧灰棕 專屬型色眉彩膏EX 04自然棕 建議與其他眉彩產品一起使用時 依眉筆→ 眉彩餅→眉彩膏順序使用 今年日本眉妝趨勢為「明亮、淺色且柔和蓬鬆」的眉型 強調的是自然毛流感&羽毛眉 跟以往認知的眉彩產品要拿適合或是搭
KISSME開架,KISSME專屬型色眉彩膏EX,2025/07,6,第一次抽到實體活動，非常興奮XDD 一到現場工作人員就帶著本次KISSME的新品眉彩膏與眉筆讓參與的大家挑色號 並會給適合髮色的色號建議~很貼心🎀 🌟顏色分3大色調，分別是黃色調、灰色調，與紅色調 接近亞洲人普遍染的髮色 再依自己頭髮的明暗度去挑，就不會出錯啦✨🥰我拿到眉彩膏是08，也是我自己認為最適
KISSME開架,KISSME專屬型色眉彩膏EX,2025/07,6,感謝Urcosme與KISSME花漾美姬提供試用 KISSME花漾美姬是知名的日本眼妝品牌，我自己就很喜歡他們的睫毛膏，而且也買過好幾支! 這次試用產品是KISSME專屬型色眉彩膏EX 8g 它有速乾薄膜配方，膏體更輕盈、顏色也更均勻，打造蓬鬆柔和的自然眉妝感，全新小刷頭，可以更好控制，不易沾染到
KISSME開架,KISSME專屬型色眉彩膏EX,2025/07,6,"很開心試用到我的愛牌KISSME~其實目前在用的就是們家的眉彩膏03,這次收到的體驗是04自然棕 本來的髮色偏深，但上次去日本體驗染髮，之後去百貨試彩妝，櫃姐自動幫我補上適合的染眉膏，整體妝感精緻協調很多，立刻知道眉彩的重要性，專櫃的用完後就入手了網上很多人推薦的KISSME，表現超乎預期！ 首先"
KISSME開架,KISSME專屬型色眉彩膏EX,2025/07,6,之前舊版都是固定購買08霧灰棕 這次新版買淺一個色號09米灰棕 都很適合沒染髮、追求自然妝感的顏色 新版的刷頭比舊版再小那麼一點點 比較不容易失手沾到皮膚 使用時眉毛先逆刷再順刷 讓膏體完整包覆在眉毛上 妝感會更加完整好看 我覺得新版的防水防油力更強 卸妝時記得好好清潔眉毛
KISSME開架,KISSME專屬型色眉彩膏EX,2025/07,6,和大家分享我的Kissme愛用品❤️本身就是kissme 的愛用者， 我有新舊版染眉膏做對比~ 有自己買的，也有出席 @cosme活動送的。色號：04自然棕/08霧灰棕使用心得： 我臉上的是04號自然棕， 這支是新手友善，畫起來很自然服貼， 好上手不容易過頭， 推薦給彩妝新手老手們～（左邊新版/右舊版
KISSME開架,KISSME專屬型色眉彩膏EX,2025/07,6,使用心得報告｜KISSME 專屬型色眉彩膏EX 目前使用了兩次，顏色非常喜歡，呈現自然柔和的效果，特別適合淺色頭髮。眉彩膏的質地快乾不黏膩，不會結塊，刷起來也不會沾到皮膚。 另外，它可以有效填補眉毛空洞，刷完眉型立刻變得立體有型，整體妝感更完整。以開架產品來說，表現讓人滿意。 這只畫半邊 KIS
KISSME開架,KISSME專屬型色眉彩膏EX,2025/07,6,很榮幸抽到KISSME的實體活動，用很期待的心情去參加。 活動地點在@cosme櫃位裡，活動開始會先介紹眉毛、眉型、商品本身特性等等，還有老師也很專業請人上去示範。 會讓每個參加者挑選眉筆色號跟染眉膏色號，我選的都是偏淺的03。 介紹完後會讓你當場使用，有問題可以問老師，很意外老師會直接幫
KISSME開架,KISSME專屬型色眉彩膏EX,2025/07,7,參加品牌分享會的伴手禮分享會的其中一個重點就是要怎麼畫基本眉型看看我的素眉，毛流明顯，長度也偏長刷頭不大，前面偏小好照顧細節附上包裝背面全成份與使用說明給各位參考刷頭小連細節也容易均勻，但毛流摸起來的觸感沒有上太多髮膠那種硬梆梆的感覺，整體偏自然柔和 持妝超過8小時還是很柔和也持妝持妝超過8小時，眉型
KISSME開架,KISSME專屬型色眉彩膏EX,2025/07,7,時隔多年，最近又開始染頭髮了。 趁著有空的時候跑去康是美台南康橋店去採購染眉膏。 康是美康橋店真的是很棒的地方，環境舒適試用化妝品便利有完善的卸除材料。 感謝有這個地方，真實的使用之後，才知道只有這個適合我現在的髮色。 真的很推薦大家可以到藥妝店試用再購入，有些產品的示意圖實際擦起來卻差強人意！
KISSME開架,KISSME專屬型色眉彩膏EX,2025/07,5,這是kissme專屬型色眉彩膏 長得很可愛 感覺量很飽滿 很好上色 沒有什麼特別氣味 素眉 前端毛量比較多 中後開始稀疏的眉毛🤣 會先用隨意的眉刷刷順眉毛 然後kissme的眉筆畫底色 再用染眉膏去刷出毛流感～ 眉頭的部分 毛流感很自然好看 （不愛歐美那類很明顯的毛髮感？🤣） 總結
KISSME開架,KISSME專屬型色眉彩膏EX,2025/07,4,感謝@COSME讓我有這次試用的機會~~ KISSME持色自然柔霧眉筆＋專屬型色眉彩膏EX｜自然持久又不易失手的眉妝組合 ✦ Step 1：眉筆描繪輪廓，自然柔霧不失手 KISSME 的這款眉筆筆芯偏硬，需要稍微一筆一筆慢慢描繪，但這點對我來說反而是優點，不容易畫太重、很好控制形狀，適合打造自然毛流
KISSME開架,KISSME專屬型色眉彩膏EX,2025/07,7,上一次用染眉類型的產品是眉粉質地的 直接像眉毛ㄍㄡˊ到什麼東西一樣兩條掛在那 嚇到＠＠直接冷凍 這次鼓起勇氣嘗試KISSME眉彩膏由於我是深色髮，這次使用08霧灰棕很低調的棕色素顏的我眉毛就很濃了～～～ 但有時候搭配妝想要眉毛更顯眼空間感很大的刷頭 不怕顏色都卡在一起先用眉筆畫眉毛 拉個形狀
KISSME開架,KISSME專屬型色眉彩膏EX,2025/07,6,作為彩妝日常的一環，眉妝對整體妝容的完成度有著決定性的影響。 近期使用了KISSME專屬型色眉彩膏EX，使用的色號為自然棕，整體表現令人滿意。首先，產品刷頭設計精巧，順手好控制，能夠有效抓附每根眉毛，使色彩分布均勻不結塊，特別適合亞洲人偏細的眉型。 自然棕色號帶有柔和的暖棕調，對我這種棕色髮的人來
KISSME開架,KISSME專屬型色眉彩膏EX,2025/07,6,來自網購店贈品，試用04號 跟我髮色算搭 我沒在用染眉膏，現在才知道它能讓我的眉毛更精緻好上手 不會很快乾掉～單上眉筆會容易不均勻，染眉膏可以填補空隙並讓眉妝更立體，不易因汗水或摩擦而掉色 看起來更加自然柔和了👍
KISSME開架,KISSME專屬型色眉彩膏EX,2025/07,6,這次成功索取的是KISSME專屬型色眉彩膏EX自然棕色 Mini 2.8g 容量，這次體驗可以說是抽到非常實用的商品， 是我每天化妝都會使用的染眉膏品牌，我化妝包起碼有4個 眼部商品都是KISSME的，所以是真愛! KISSME專屬型色眉彩膏EX自然棕色 Mini 2.8克 雖然看起來是小小一隻，
KISSME開架,KISSME專屬型色眉彩膏EX,2025/07,7,這個月的會員試用好像可以選三樣，不過我自己只挑了兩個比較有興趣的來申請。一個是YSL的穩膚乳，另一個就是開架的 KISSME 專屬型色眉彩膏 EX。小小一支真的很可愛，體積很友善，隨身丟包包完全沒問題，連小廢包都塞得下。 這支我覺得超適合手殘黨！刷頭很好控制，不太容易失手。 刷的時候要注意： 先從眉
KISSME開架,KISSME專屬型色眉彩膏EX,2025/07,5,感謝@cosme & KISSME提供的試用機會 這次分享的產品是KISSME專屬型色眉彩膏EX 色號04自然棕 本來眉毛就蠻濃密的我，還是喜歡在眉毛上做些文章 眉筆、眉粉、眉膏都買了不少 讓我入坑眉膏的89不離10就是KISSME 第一次知道眉膏的美好很喜歡KISSME眉膏試用的尺
KISSME開架,KISSME專屬型色眉彩膏EX,2025/07,7,很開心這次終於參加到@cosme的美妝遊樂園！真的超好逛！一堆日韓美妝保養品可以試用 好開心🥰 這次被抽中眉毛界大老kiss me的產品試用，到美妝遊樂園現場有老師介紹產品使用方式 有非常多的色號可以搭配髮色及心情做選擇這次的染眉膏也有做出升級，更速乾也不易掉色，現場老師也有教要先逆毛梳幫助他上色，然
KISSME開架,KISSME專屬型色眉彩膏EX,2025/07,7,之前第一次使用染眉膏就是kissme家的，不過這次新版本延續了優點並做了一些改進，使用起來更加方便～左邊是舊版04號色，右邊是新版03號色，會選擇淺一點是希望眉毛看起來更加柔和，如果素顏的話，單擦染眉膏把眉色變得更淺更輕盈，可以避免視覺焦點都在眉毛上👀 舊版的缺點就是它刷頭偏大，有時候會不小心塗到外面
KISSME開架,KISSME專屬型色眉彩膏EX,2025/07,5,本身因為眉毛濃又黑，畫眉毛時很常遇到一個困擾，就是有時候眉筆再怎麼畫，都看不出明顯的差別，再加上因為頭髮也沒有染過，所以也沒想過要用染眉膏， 但試過後，才發現它真的蠻好用的！這款霧灰棕色的染眉膏不管是黑髮或咖色頭髮的都能駕馭，也不會有違和感塗上後眉毛看起來更柔和又自然，而且它的防水效果也很好！就算在現
KISSME開架,KISSME專屬型色眉彩膏EX,2025/07,7,感謝cosme 跟 kissme 提供試用品 產品特色 1. 多色選擇，適合各種髮色 KISSME 專屬型色眉彩膏EX 提供多種色號，從淺棕、灰棕到深棕，甚至有適合明亮黃調髮色的色選，方便搭配不同髮色，打造協調的妝容。我選擇的是「8號霧灰棕」，適合一般亞洲人的深棕黑髮色，顯色自然不突兀。 2. 防
KISSME開架,KISSME專屬型色眉彩膏EX,2025/07,5,這款 KISS ME 的「Heavy Rotation 眉彩膏」色號04自然棕，使用後給我非常好的印象。 膏體質地輕盈、不結塊，小刷頭好使用，刷上後眉毛柔順不僵硬，搭配它的眉筆描繪，能自然地修飾眉色，搭配髮色，讓整體妝容更完整。 它的防汗抗油效果也很出色，即使在出汗或長時間戴口罩的情況下，眉色依然表
KISSME開架,KISSME專屬型色眉彩膏EX,2025/07,6,感謝這次提供的試用機會！其實以前從來不覺得染眉膏有必要，總覺得一支眉筆就可以打天下了 直到這次有機會試用了這支，才發現眉色一致的重要性！使用說明上是說先逆著眉型、由眉峰向眉頭塗，然後再反過來正塗 就是那麼容易簡單的使用方式，眉毛就瞬間變的立體跟有型！而且這隻的刷頭很小很好操作，能夠輕鬆地沾附到每根眉毛
KISSME開架,KISSME專屬型色眉彩膏EX,2025/07,4,先讓大家看我素顏的眉毛↓ ↓ (眉尾比較稀疏/大約2-3年多前有霧眉目前有些許掉色)年多前有霧眉目前有些許掉色 這次使用KISSME持專屬型色眉彩膏08霧灰棕色號，顏色很柔和 使用眉筆及眉彩膏，然後外出八小時後的樣子↓ ↓ (本身混合肌，T字部位容易出油，整體眉毛沒有斑駁掉色) 使用上的優缺點： 1.
KISSME開架,KISSME專屬型色眉彩膏EX,2025/07,7,這次參加 @cosme 的活動 現場試用了 KISSME 的專屬型色眉彩膏 EX 真的太驚喜了 (*´∀`)~♥ 我平常眉毛很平平無奇，畫眉毛也沒什麼自信 但這支眉彩膏真的超好上手 ✨刷頭不會太大，顏色自然不卡卡～最厲害的是 👉右邊那邊是老師幫我刷的！ 整個超乾淨又有毛流感 (≧∀≦) 跟自己畫的對
KISSME開架,KISSME專屬型色眉彩膏EX,2025/07,6,我是每天都畫全妝，每天都必定畫眉毛，染眉膏是化妝必備！因為我的眉毛比較濃密，不染顏色的話人會看起來比較兇，這次選到的顏色的四號，顏色比較深比較咖，但我覺得是偏冷的咖，還蠻適合我的！ 他的刷頭有重新設計過，變得比較短，這樣上起來比較不會弄到皮膚。 刷頭的寬度也很剛好，正正好好的符合我眉毛的寬度，不會太粗
KISSME開架,KISSME專屬型色眉彩膏EX,2025/07,5,染眉刷（眉彩膏）是一個我覺得要看整體使用完後的五官立體度有沒有加分，所以只拍局部的話好像看不出來產品的優秀處~ 使用後用普通的卸妝凝露就卸掉了，我大概刷了5678次，碰到肌膚處沒有長痘子或泛紅~~ 一樣是04自然棕色，染眉膏的04看起來顏色比較金，刷上去也比眉筆淡一點點（我自己的感覺），但這樣搭配
KISSME開架,KISSME專屬型色眉彩膏EX,2025/07,6,近期抽到【KISSME 專屬型色眉彩膏R】，真的讓我對眉妝改觀！ 這是素眉 它的速乾配方非常實用，刷上去幾秒就乾，不會結塊或掉屑。 連在悶熱的6月流汗的天氣也能維持自然眉型。 每天上班趕時間，KISSME 專屬型色眉彩膏R 成了我的眉妝救星。它的速乾配方非常適合通勤族，早上快速刷上就能出門，完全不
KISSME開架,KISSME專屬型色眉彩膏EX,2025/07,6,這次很有榮幸能參與@COSME & KISSME的合作試用活動 我收到的是專屬型色眉彩膏EX(08霧灰棕)+KISSME持色自然柔霧眉筆(08霧灰棕) 有時出門在外或是在家趕時間要畫眉毛 大部分的朋友都用眉粉或眉筆就出門了 但如果要參加活動或約會 或想要精緻的妝容或、野生眉 先用柔霧眉筆畫
KISSME開架,KISSME專屬型色眉彩膏EX,2025/07,6,這次很開心可以參與實體的新品體驗會！活動中有彩妝老師詳細介紹新品，還有教學使用眉彩膏，覺得學到一些小技巧收穫很多！ 這次拿到的產品有眉彩膏和眉筆：雖然現場有工作人員幫忙依髮色建議色號，但很可惜的是色號都是比較大眾的， 而我剛好是紅棕色髮色，所以色號並沒有很符合😅這次的新品眉彩膏刷頭有比較小巧，使用上
KISSME開架,KISSME專屬型色眉彩膏EX,2025/07,7,首先感謝@Cosme與Kissme舉辦的體驗活動 好幸運抽到可以參加！ 體驗會當天還有Kissme的彩妝老師介紹新產品與指導 真的受益良多 對於以前都是用Kissme的睫毛膏 也很期待染眉膏的效果呢😊 染眉膏膏體 不會有奇怪的刺鼻味道 刷頭部分也剛好適合亞洲人的粗細度 上色容易 而且不結塊 不沾
KISSME開架,KISSME專屬型色眉彩膏EX,2025/07,7,一直以來都知道KISSME的眉彩膏很受歡迎，但一直沒有機會嘗試 這次有機會參加@COSME舉辦的眉彩講座也對於KISSME眉彩膏有更進一步的認識 先說說這次新版本的刷頭，跟舊款相比刷頭較短 對於眉毛稀少的人算是比較友善，不擔心會不小心擦到皮膚 另外這次試用的感覺跟使用其他眉彩膏不同 使用他牌眉彩膏會有
KISSME開架,KISSME專屬型色眉彩膏EX,2025/07,5,去cosme美妝遊樂園領取到的試用✨ 第一次去現場看到好多產品可以試用好驚艷 認真覺得待上一整天沒有問題 但荷包君要小心XD 不過我從南部北上快閃速速逛時間有限的關係就沒有逛太久（可惜 超羨慕住北部的朋朋可以隨時去ＱＱ 哈哈 題外話太久⬆️刷在手上是微霧狀色質地 不會一刷就結塊、刷痕明顯， 刷頭部分走
KISSME開架,KISSME專屬型色眉彩膏EX,2025/07,7,Kissme眉彩在日本很有名，這次很開心參加試用會 因為顏色真的太多了，對於選擇障礙的我猶豫很久，感謝會場的工作人員幫我挑顏色！ 我選的顏色是8號色，比較貼近我的髮色 這款跟舊款比起來，刷頭有長一點，比較好刷，新手可以很快上手 一般溫水可以卸，不必擔心卸不乾淨 現場感謝老師幫忙教手殘的我畫，
KISSME開架,KISSME專屬型色眉彩膏EX,2025/07,5,這次參加KISSME開架「專屬型色眉彩膏EX」網友體驗會報名活動，KISSME的彩妝品到現在一直都在服用中，真心覺得是小資女孩的福音，睫毛膏跟眼線液筆大推， 這次體驗的是「KISSME專屬型色眉彩膏EX」、「持色自然柔霧眉筆」都是4號自然色，當有選擇障礙的時候選自然色就不會出錯 眉筆我覺得真的還不錯，
KISSME開架,KISSME專屬型色眉彩膏EX,2025/07,6,美妝遊園地兌換的2.8g小樣，04自然棕*刷子跟睫毛膏一樣，膏體質地蠻剛好的，不會太水也不會太稠，不會結塊，也蠻容易刷得均勻*我通常都用灰棕色的眉筆，因為我眉毛算比較粗，如果用太黑或太灰的顏色容易變成蠟筆小新，棕色就比較柔和，但因為我的眉毛分佈有點不均，有些地方比較密，有些地方比較疏，而且還有水痘的疤
KISSME開架,KISSME專屬型色眉彩膏EX,2025/07,6,-感謝@cosme及KISSME提供試用- 最近又是忙碌 遲交了希望不要影響🥺平常很少用染眉膏，大部分都是眉筆+眉粉 今天可以試用真的太好了顏色很飽和，也快乾，用手指塗抹不會掉色 算蠻穩固的可以巴在眉毛上 水龍頭下正常水柱沖洗不會掉色 蠻讓我驚艷的 衛生紙擦拭會掉 所以基本上不要用力去碰到眉毛，顏色
KISSME開架,KISSME專屬型色眉彩膏EX,2025/07,6,感謝@cosme提供給我試用的機會❣️ 化妝包裡面一直都備有KISSME家的產品 對油肌非常友善又不容易暈染🥹 好的小小題外話了～ 這次試用的是KISSME專屬型色眉彩膏EX 如果出門只能化一個部位對我來說眉毛是最重要的❗️ 先來看看包裝非常的美尤其是外包裝的銀字 帶有透明外殼可以看到內裡顏色 滿足
KISSME開架,KISSME專屬型色眉彩膏EX,2025/07,6,這次使用到的是KISSME的經典產品 專屬型色眉彩膏的新升級版本✨✨ ✔️速乾薄膜配方讓膏體夠輕盈、上色更均勻 ✔️刷頭小巧更好控制範圍、精準的在眉毛上色🙌🏻 ✔️可以防水、抗汗、耐磨擦、防皮脂⋯保持妝容的完整度👍🏻👍🏻👍🏻 ✔️不用特定卸妝產品，用洗面乳+溫水就能洗淨我拿到的色號是04自然棕 雖然從
KISSME開架,KISSME專屬型色眉彩膏EX,2025/07,4,好久沒有抽到試用品了 這次抽到平常常會用的眉毛產品其實還蠻開心的 但是實際使用似乎沒有到非常好用 先說說包裝，真的是挺漂亮的有點捨不得拆 後面有說溫水可以卸、防水持色 實際打開來刷頭很小感覺比較不容易沾染 先用我的毛毛手背來試用 實際用在手上感覺超級沒有顏色 急的我心裡直打鼓 後來實際用上眉毛之後真的
KISSME開架,KISSME專屬型色眉彩膏EX,2025/07,7,這一次試用了兩樣彩妝💄 KISSME專屬型色眉彩膏EX(色號04自然棕) 和KISSME持色自然柔霧眉筆(色號04自然棕) 眉彩膏EX： 眉毛畫完後，我直接開始刷染眉膏 本來很擔心的「結塊沒有發生」😆🎊 而且乾得很快～～初學者也好上手～ 就算重複刷也不會有結塊的問題 整天下來沒有暈染或是沾黏到皮膚
KISSME開架,KISSME專屬型色眉彩膏EX,2025/07,7,「霧灰棕」大概是最適合新手入門的眉彩色號了吧！ 我的眉毛本身偏濃密，以前都只是偶爾用眼線筆簡單修飾眉型，幾乎不太畫眉。 最近剛好準備補貨愛用已久的KISSME眼線筆，意外看到他們的眉膏商品，一時好奇就查了一下眉膏到底是做什麼用的。才發現原來眉膏除了能上色，還含有定型成分，可以幫助眉毛服貼、維持整齊的形
KISSME開架,KISSME專屬型色眉彩膏EX,2025/07,6,謝謝cosme這次提供的試用品～KISSME開架「KISSME專屬型色眉彩膏EX(色號04自然棕)+KISSME持色自然柔霧眉筆(色號04自然棕)」～ 眉彩膏可以完全覆蓋原本的眉色，而且跟眉筆的色號是一樣的，兩個一起搭配起來眉毛顏色看起來是很融合的，眉筆筆頭細好畫，用手搓也不太掉色，我覺得很加分！開架
KISSME開架,KISSME專屬型色眉彩膏EX,2025/07,5,KISSME 專屬型色眉彩膏 EX (04自然棕) 使用起來非常順手，刷頭大小適中，刷毛細緻，好控制角度，新手也不容易失手沾到皮膚。質地滑順、不結塊，能均勻包覆眉毛，快速修飾眉色，讓眉型看起來更立體自然。這款咖啡色的顏色飽和且不厚重，能柔和原本眉色，剛好也是我想要的咖啡色，因此整體妝感乾淨有精神。(看
KISSME開架,KISSME專屬型色眉彩膏EX,2025/07,6,這次超級幸運抽到 @cosme 的試用 拿到的是KISSME專屬型色眉彩膏 EX 的迷你試用瓶 本來就有再用KISSME的睫毛膏 這次用了這罐迷你版的染眉膏真是愛了 我私心瘋狂推崇的就是它的小刷頭 因為體積變小了在刷的時候手感超級精準 完全是手殘黨的救星 但這支迷你版的刷頭可以精準地抓到每一根眉毛
KISSME開架,KISSME專屬型色眉彩膏EX,2025/07,6,首先很感謝這次有機會抽到試用，可以實際體驗到這款眉彩膏的表現。顯色度表現不錯，一刷就能看出顏色變化，不太需要重複疊加，日常通勤妝完全夠用。刷頭大小適中、形狀也好操作，順著毛流刷過去就能把眉毛均勻包色，不太會不小心刷到皮膚或沾到眼皮其他地方。 質地方面屬於不會太濕的類型，所以乾得算快，定色之後不太會黏來
KISSME開架,KISSME專屬型色眉彩膏EX,2025/07,6,感謝@cosme跟廠商提供的試用 這次是染眉膏 我先說一下 我有繡眉但是上妝 還是需要調整一下眉毛 畢竟紋綉不是萬能只 是不化妝的時候眼神還不至於很渙散 小小一隻2.8克我很喜歡 量太多用不完會容易乾 顏色上是自然棕 它的咖真的很棒 不是那種很鮮 明的咖 跟任何髮色幾乎都能搭 我本身自己買都 是買咖灰
KISSME開架,KISSME專屬型色眉彩膏EX,2025/07,6,有一陣子染了比較淺色的頭髮 但眉毛還是一樣濃黑 顯得很突兀 因此才嘗試看看染眉膏自己買的色號是06 粉紅棕色 因為染的髮色是深紅棕 在還沒寫心得前 又抽中試用 是04自然棕顏色比起來是04淺一點 但實際上眉毛 兩個的差異就不大了先逆著梳 再順著梳 就完成了 很輕鬆就可以把眉毛變色 不會有結塊的感覺
KISSME開架,KISSME專屬型色眉彩膏EX,2025/07,5,這次樂園的kissme伴手禮 08霧灰棕 這種產品比較少用到 但有時候會玩一下 基本上刷頭好用 顯色 也是失敗好幾次才上手 讀書時有買過KISSME眉彩膠筆 但也好一陣子沒有用 筆式的比較容易上手 刷頭的就適應中 不過能參加又拿到新的產品還是很開心🥳
KISSME開架,KISSME專屬型色眉彩膏EX,2025/07,7,很開心這次可以體驗KISSME花樣美姬的「專屬型色眉彩膏EX」及「持色自然柔霧眉筆」的組合在眉筆使用後～ 搭配這款眉彩膏可以均勻整體的顏色～ 眉毛看起來更整齊也更柔和 還有防汗、防水持久不掉色實測運動半小時後汗水直流但眉毛仍很完整 真的太強了！直接列入愛用推薦❤️ 綜合來說這兩樣搭配起來真的不錯 夏
KISSME開架,KISSME專屬型色眉彩膏EX,2025/07,6,謝謝cosme這次提供的試用品KISSME開架「KISSME專屬型色眉彩膏EX(色號04自然棕)+KISSME持色自然柔霧眉筆(色號04自然棕)」● KISSME持色自然柔霧眉筆(色號：04自然棕) 旋轉式眉筆的握感設計很不錯 不需要再另外削尖筆頭 此款主打1.6mm細緻筆芯滑順好上色又好畫 質地觸感
KISSME開架,KISSME專屬型色眉彩膏EX,2025/07,6,很開心這次可以參與@cosme & Kissme的眉彩活動， 現場的活動人員很親切，並提供眉彩顏色挑選建議， 眉彩膏的刷頭很細，對新手非常友善！現場也有彩妝老師教大家怎麼使用眉彩膏， 聽老師分享才知道， 原來染眉膏要先逆著毛流刷，再順著毛流整理， 才能讓眉毛根部也充分染色。 之前我只有順著毛
KISSME開架,KISSME專屬型色眉彩膏EX,2025/07,7,感謝@cosme讓我有機會參加「 KISSME 專屬型色眉彩膏 EX」 的體驗會 現場的講師非常專業，也很親切回答大家的疑問 刷頭短巧非常好上手 細節也都可以照顧到 使用後也不會結塊 而且有多種顏色可以自由搭配當日造型 我的眉毛算是偏黑偏濃 大約刷個2-3次顏色就都可以上去了 成膜很快 就算過了一
KISSME開架,KISSME專屬型色眉彩膏EX,2025/07,7,長期有更換髮色的緣故 因此必須隨著髮色的變換來挑選眉彩膏 搭配整體妝容 市售的染眉膏 到目前為止我個人最推薦的還是Kiss Me 除了好上手 最大的優點就是非常顯色 即使髮色換了非常淺的色調 小小ㄧ支染眉膏 依然能達到相似的染色效果 這次體驗全新的「專屬型色眉彩膏EX 04自然棕」 和以往最大的差
KISSME開架,KISSME專屬型色眉彩膏EX,2025/07,5,因為本身眉毛目前是偏淺灰黑、長、部分區域稀疏，所以通常是使用眉筆，但有時會困擾的是眉筆的顏色不太搭配本身眉毛的毛色，這個時候就很需要眉彩膏的救援！這次使用的是KISSME專屬型色眉彩膏EX，發現真的是畫龍點睛！在使用眉筆填補眉毛空隙之後，沿著毛流刷了一遍後，KISSME眉彩膏讓我瞬間覺得眉毛整體顏色溫
KISSME開架,KISSME專屬型色眉彩膏EX,2025/07,6,很開心此次能收到@COSME以及KISSME提供的試用機會 這次試用的是KISSME專屬型色眉彩膏EX ，顏色上非常自然，能和我的髮色完美融合，不會有突兀感。 刷頭設計細緻，好上手，即使是化妝新手也能輕鬆掌握。 使用時不易結塊，刷上後眉毛顯得更有立體感，而且妝感不會過於濃重。 最讓我驚豔的是它的
KISSME開架,KISSME專屬型色眉彩膏EX,2025/07,6,第一次使用染眉膏覺得非常有趣 平常是個偏濃眉毛的人 只會使用眉筆著色眉毛而已使用的是4號色，適用偏深咖髮色 單獨使用染眉膏時會覺得顏色好像沒什麼差別？還是眉毛太黑？ 和眉筆一起使用時就比較能顯出顏色 刷完有彈性不呆板 或許可以再去買淺一色看看 刷頭非常好刷勻 抗暈染，也好卸除 值得購
KISSME開架,KISSME專屬型色眉彩膏EX,2025/07,5,感謝這次可以來體驗KISSME專屬型色眉彩膏EX 基本有霧眉的底色搭配眉筆在刷上眉彩膏今天的使用的顏色是04自然棕 刷毛算是滿好上色也不太會結塊 蠻適合新手入門款 不過染膏的味道稍微明顯一點點 太久沒使用相關產品不知道是不是都這樣卸的部分算是蠻輕鬆的 一般卸妝水就可以清潔很乾淨 不過防水程度就沒有去測
KISSME開架,KISSME專屬型色眉彩膏EX,2025/07,7,感謝cosme&KISSME提供此次試用機會 讓我們一次可以體驗到眉筆跟染眉膏，兩者搭配使用，更讚~ 使用心得 1.我使用染眉膏是為了讓眉毛更貼近髮色，都輕輕刷而以，先逆毛刷在順毛刷 沒有結成一團的狀況出現，味道也不臭，(之前買過韓國的染眉膏有味道...) 顯色度自然~刷頭大小適中，如果能更
KISSME開架,KISSME專屬型色眉彩膏EX,2025/07,7,非常感謝@cosme讓我有機會體驗到kiss me 染眉膏 封面圖片就說明了這支眉彩膏真的好用👍🏻 我是搭配同款色號 04自然棕的眉筆 讓我的眉毛更自然了（眉筆也很好用） 自身算是有毛流的眉毛，所以刷上染眉膏輕鬆容易 也滿容易上色的 不用擔心會跟睫毛膏出現蜘蛛腳的情況 等完全乾之後我再摸我的眉毛
KISSME開架,KISSME專屬型色眉彩膏EX,2025/07,6,近期剛好要購買眉筆就直接抽中試用品 超幸運~ 收到的試用品是KISSME專屬型色眉彩膏EX 色號08霧灰棕 + KISSME持色自然柔霧眉筆 色號08霧灰棕 我本身的眉毛屬於濃密的，不太需要雕眉型，只需要簡單的填補空隙顏色+整理毛流 目前髮色是黑髮，以往都使用深棕色的眉粉+眉筆 收到商品時看到
KISSME開架,KISSME專屬型色眉彩膏EX,2025/07,7,首圖素眼，我是有眉毛型! 刷上染眉膏後感覺有精神很多，我很喜歡刷染眉膏，因為很方便又不需要特別勾畫，所以基本上我使用染眉膏時機比較多，這支很顯色也很好推勻，不會暈染但我是在辦公室內冷氣房多，很好上手不容易失敗，刷上染眉膏後會覺得很自然整體妝感提升，平常上班都會刷，看起來比較有精神!主要不容易暈開妝感也
KISSME開架,KISSME專屬型色眉彩膏EX,2025/07,6,這次試用的是KISSME專屬型色眉彩膏EX正裝試用品 我的色號是04自然棕 跟我髮色相近 雖然比較少用眉膏 但很好上手跟眉筆一樣 刷頭不會沾到過多膏體 也不太會沾到皮膚 顏色也不會太強烈 乾掉會有種霧霧的感覺 妝感會比較柔和 順順的刷就可以很自然妝感 不會很突兀或者會有蠟筆小新感 刷頭大小適中也可以幫
KISSME開架,KISSME專屬型色眉彩膏EX,2025/07,7,非常感謝有機會抽到正裝試用品，以前第一次使用KISSME的眉彩膏時就愛上了，它的色號很多，很適合有漂髮染髮的人，以前因為有漂髮，所以用的是淺色，效果很顯色又自然，很高興這次可以拿到平常就愛用的產品，試用品的色號是自然棕，剛好我現在是原生髮色，搭配棕色眉彩膏能讓整體妝容更柔和，非常喜歡！我平常是先用眉筆
KISSME開架,KISSME專屬型色眉彩膏EX,2025/07,4,謝謝KISSME開架和@cosme提供的「KISSME專屬型色眉彩膏EX」，我其實很少使用染眉膏，因為本身眉毛不是很多，但還是很想嘗試看看。 一開始我還不太清楚如何使用，所以就從眉頭刷到眉尾，結果非常的生硬、不自然。之後就看產品說明的方法，第一遍先逆著刷，讓眉毛均勻上色；第二遍則是順著眉毛的方向刷，塑
My Beauty Diary 我的美麗日記,活能抗老保濕面膜 My Beauty Diary TRIPLE VITAMIN B NMN MASK,2025/07,5,嗨～今天來跟大家分享【我的美麗日記】活能抗老保濕面膜，這款面膜我觀望一陣子了，也有看到不少網友的好評，雖然不是在@cosme抽中的，不過也非常幸運地在其他平台抽到，看來這陣子的運氣不錯😍 這款面膜整體使用感受很不錯，布膜的材質是超導纖維，貼膚度很好，重點是做的超薄，這種就是我很喜歡的面膜布料。 精
My Beauty Diary 我的美麗日記,活能抗老保濕面膜 My Beauty Diary TRIPLE VITAMIN B NMN MASK,2025/07,4,首先要先感謝「cosme」及「我的美麗日記」，提供此抽獎活動讓我有機會搶先體驗新產品，本人深感榮幸💖💖 這邊先附上本次的產品圖片啦～包裝正面就有產品名稱——活能抗老保濕面膜💖 且包裝上印上了大大的「Triple Vitamin B」，也就是添加了三重的維他命B，能強化屏障並賦予肌膚水感保濕；並且額外
My Beauty Diary 我的美麗日記,活能抗老保濕面膜 My Beauty Diary TRIPLE VITAMIN B NMN MASK,2025/07,7,我是混合偏油膚質，最近因為換季加上熬夜，肌膚容易乾燥泛黃，有時還會小脫皮 平常有固定敷面膜的習慣，也很在意面膜材質與成分是否溫和這款面膜的材質很輕薄，服貼度非常高，貼在臉上幾乎無感，非常舒服 敷15分鐘後拿下來，臉上還留有滿滿的精華液，延展性很好，很適合順便敷脖子或按摩一下 保濕效果很明顯，乾燥部位
My Beauty Diary 我的美麗日記,活能抗老保濕面膜 My Beauty Diary TRIPLE VITAMIN B NMN MASK,2025/07,7,我的美麗日記又來囉~每次推出的面膜總不會讓人失望 這次新出的保濕面膜一樣令人喜歡，主打保濕，每盒5片裝每片獨立包裝成分無添加防腐劑、酒精，採用RO逆滲透純水生產製造 主要成分是維他命B5、B3、B12，目的是達到保濕滋潤與提升肌膚的防護力 B3與B12可幫助調理暗沉氣色喔~面膜包裝易撕開撕開後裡面的精
My Beauty Diary 我的美麗日記,活能抗老保濕面膜 My Beauty Diary TRIPLE VITAMIN B NMN MASK,2025/07,6,先感謝 我的美麗日記 以及 @cosme，讓我有機會抽中這次的試用，開心能和大家分享我的使用心得 這次體驗的產品是： 活能抗老保濕面膜 Triple Vitamin B Mask 成分主打 三重維他命B 搭配 NMN 抗老成分，對熟齡肌或想預防初老的朋友來說特別加分！ 最讓我喜歡的是——它不含
My Beauty Diary 我的美麗日記,活能抗老保濕面膜 My Beauty Diary TRIPLE VITAMIN B NMN MASK,2025/07,6,很開心有機會使用新款保濕面膜 剛好做完醫美一個月 天氣忽冷忽熱正想用面膜 就收到這次的試用機會 超超超薄透的紙質實在深得我心 我一開始敷上有點擔心會不會很快就乾掉 結果不會 保濕度還蠻高的!! 原來紙質的材質上有特殊的鎖水特色(以下摘自產品資訊) 超薄0.18mm** :細密親膚，服貼全臉。 超鎖水!
My Beauty Diary 我的美麗日記,活能抗老保濕面膜 My Beauty Diary TRIPLE VITAMIN B NMN MASK,2025/07,6,即將奔4了 保養品也慢慢朝抗老為訴求 我的美麗日記推出《活能抗老緊緻面膜》 得使用看看 內含A醇能平滑、緊緻毛孔 A酯能增加肌膚潤澤彈力不添加防腐劑及酒精 包裝有非常多精華液 面膜上有珍珠膜 超導纖維布膜非常親膚 能完整的貼合臉部 多餘的精華我就拿來擦手腳 也且不粘膩 我敷在臉上跟女兒走來走去也沒有掉
My Beauty Diary 我的美麗日記,活能抗老保濕面膜 My Beauty Diary TRIPLE VITAMIN B NMN MASK,2025/07,6,非常感謝@cosme提供試用機會^ ^ 高中、大學時期就開始用我的美麗日記，那個時候超紅（遠目 最新產品活能抗老保濕面膜，終於沒有添加A醇了 😂 不是我對A醇有意見，是這一兩年A醇充斥各大品牌新品，真的有點膩（很難搞表示 NMN，好像也是一種維他命B3的衍生物 另外還有添加B3、B5、
My Beauty Diary 我的美麗日記,活能抗老保濕面膜 My Beauty Diary TRIPLE VITAMIN B NMN MASK,2025/07,6,首先要先感謝「cosme」及「我的美麗日記」供此抽獎活動。 很高興有機會使用新款保濕抗老面膜！ 主打成份有三重維他命B + NMN抗老修護 B3 （緊緻油水平衡）煥亮 B5 （舒緩強化肌膚屏障）修護 B12 （改善暗沉）彈潤 NMN抗老成分：有助延緩肌膚老化，提升肌膚彈性與光澤 成分安心溫和
My Beauty Diary 我的美麗日記,活能抗老保濕面膜 My Beauty Diary TRIPLE VITAMIN B NMN MASK,2025/07,6,謝謝 @cosme 提供試用機會！ 這款面膜真的滿不錯的，面膜紙很輕薄又服貼 敷起來幾乎無感，精華液超多還能順便擦脖子！😆主打3重維他命B + NMN抗老，敷完真的有感覺肌膚變水嫩 重點是不黏、不悶，也沒有香料或酒精味，對敏感肌超友善～ 3 重維他命B • B5（泛醇／Panthenol）：深層潤
My Beauty Diary 我的美麗日記,活能抗老保濕面膜 My Beauty Diary TRIPLE VITAMIN B NMN MASK,2025/07,5,這是用我的美麗日記的活能抗老保濕面膜五入組主打成份有三重維他命B - B3 #煥亮、B5 #修護、B12 #彈潤 一片面膜達到潤澤、修護、透亮、改善暗沉紋路等多功效 取出一片，有面膜紙，敷在臉上很薄但是很服貼薄薄一片卻吸收很多精華，非常夠用 有些說 敷完面膜後，臉上精華還有，代表吸收不進去，建議洗掉
My Beauty Diary 我的美麗日記,活能抗老保濕面膜 My Beauty Diary TRIPLE VITAMIN B NMN MASK,2025/07,6,「我的美麗日記－活能抗老保濕面膜」徹底征服了我！ 超導絲絨布膜輕薄隱形卻超服貼，連難搞的鼻翼都乖乖聽話。精華液帶著淡雅清香，敷臉15分鐘就像在做高級SPA，整個超療癒～揭下面膜那刻真的驚艷——肌膚瞬間喝飽水，乾燥兩頰變得超彈嫩！最棒的是隔天上妝超服貼，不再卡粉起皮。 連續用一週後，毛孔變細緻、膚色均
My Beauty Diary 我的美麗日記,活能抗老保濕面膜 My Beauty Diary TRIPLE VITAMIN B NMN MASK,2025/07,6,感謝UrCosme和My Beauty Diary 我的美麗日記「活能抗老保濕面膜」。一盒裡面有五片，我的美麗日記算是開架熱門品牌 在這之前已經敷過不少它們家的面膜了～上圖為使用前的狀態面膜上吸附了滿滿的精華液 面膜紙則採用超導纖維布膜 上臉後細密親膚，能夠完全服貼全臉精華液質地是偏容易流動的水狀 裡
My Beauty Diary 我的美麗日記,活能抗老保濕面膜 My Beauty Diary TRIPLE VITAMIN B NMN MASK,2025/07,6,"我的美麗日記，這次試用的面膜添加了NMN抗老成分， 還有3重維他命B-B3,B12,B5。 我對於面膜最最重視的就是保濕效果，保濕做得好，出油會減少。 這款面膜裡面就是有一片珍珠膜，便於方便將面膜展開， 面膜超服貼的，但是卻不會整個黏在一起，是還蠻容易貼合臉的。 精華液是有微微的乳白色，不是全透明"
My Beauty Diary 我的美麗日記,活能抗老保濕面膜 My Beauty Diary TRIPLE VITAMIN B NMN MASK,2025/07,7,我的美麗日記應該佔據著許多女孩們的青春記憶 價格實惠、多種功效選擇的優點 在長大以後，依舊能看到它在面膜界擁有一席之地 這次新推出的活能抗老保濕面膜 面膜本身纖維相當薄，所以敷起來很服貼 感覺精華液通通都滲入到皮膚裡~~ 看到成分裡面的3種維他命特色 可以幫助肌膚鎖水、提亮膚色 正好能解決我目前肌
My Beauty Diary 我的美麗日記,活能抗老保濕面膜 My Beauty Diary TRIPLE VITAMIN B NMN MASK,2025/07,7,很開心這次收到我的美麗日記的面膜體驗這次我體驗的是 活能抗老保濕面膜 抗老跟保濕都是我超需要的功能啊!! 面膜一包裡面有5片裝 都是獨立包裝 打開包裝紙以後就可以看到面膜本人~我覺得這款面膜的精華液是屬於偏稠的類型 所以不會一打開就亂滴 有珍珠紙防止面膜沾黏在一起 可以更方便的攤開貼在臉上這款面膜有
My Beauty Diary 我的美麗日記,活能抗老保濕面膜 My Beauty Diary TRIPLE VITAMIN B NMN MASK,2025/07,7,「我的美麗日記」是我從大學時期就陸續會使用到現在的產品，剛好這款活能抗老保濕沒有使用過，讓我充滿期待，是陪伴我幾十年的老牌子，一路上看著美麗日記改良、新增各種功能的面膜，一直守護我的臉到現在。已經快要邁入4字頭臉部，當然是以抗老為主的面膜優先，本來以為標榜抗老的敷起來會有厚重的悶悶感覺，但這款不管是在
My Beauty Diary 我的美麗日記,活能抗老保濕面膜 My Beauty Diary TRIPLE VITAMIN B NMN MASK,2025/07,5,感謝@cosme、「我的美麗日記」 試用到了好用的面膜🎉 廢話不多說，來看看文案介紹吧~ ◆ 嚴選3重維他命B以及文獻研究支持抗衰老成分NMN，達到賦水保濕、強化屏障，提升肌膚保護力。 ◆ B5具有滲透保濕水潤及鎖水修護力，能夠預防肌膚乾燥，由內而外強化皮表屏障的穩定性。 ◆ B3勻亮膚色改善暗沉，維
My Beauty Diary 我的美麗日記,活能抗老保濕面膜 My Beauty Diary TRIPLE VITAMIN B NMN MASK,2025/07,7,很感謝 @cosme和My Beauty Diary 我的美麗日記讓我有這個機會能夠體驗『活能抗老保濕面膜』 試用品：23ml*5片【同正品規格（NT250）】 上市日期：2025.05.16 My Beauty Diary 我的美麗日記是面膜愛好者不可能不知道的公司，其面膜種類多到
My Beauty Diary 我的美麗日記,活能抗老保濕面膜 My Beauty Diary TRIPLE VITAMIN B NMN MASK,2025/07,4,這次欲試用的是我的美麗日記「活能抗老保濕面膜」說到我的美麗日記應該是陪伴許多人成長過程的國民品牌，如今我的美麗日記這品牌也已邁入二十幾年，感嘆這歲月流逝還真是快。 求學時期我最常用的面膜之一就是美麗日記裡的一款紅酒面膜，那時候的價錢真的超級親民，7-11賣一盒百元不到，對學生黨而言就是一款CP值超高
My Beauty Diary 我的美麗日記,活能抗老保濕面膜 My Beauty Diary TRIPLE VITAMIN B NMN MASK,2025/07,6,這款是我的美麗日記今年5月新出的面膜 含B3、B5、B12，主打修復彈潤抗老一盒有五片，其中面膜精華液有夠多!!! 我試用方式是一天敷面膜，隔天拿化妝棉吸袋內多餘的面膜精華液敷臉 接著休息一天，隔天再開敷一片新的面膜 這篇心得是敷完五片循環後寫得 面膜布很薄，很服貼! 而且面膜布夠大張 我這大臉上下
My Beauty Diary 我的美麗日記,活能抗老保濕面膜 My Beauty Diary TRIPLE VITAMIN B NMN MASK,2025/07,5,"謝謝@COSME&我的美麗日記給予此次試用的機會！ 收到的是正貨一盒有5片 很久以前我超愛敷面膜 後來改成濕敷，就很久沒再購買了 這次收到的是""活能抗老保濕""面膜 好適合我目前的年齡使用呢 剛好需要抗老跟保濕 記得以前的我的美麗日記面膜紙張很厚 後來才改版變的有比較薄一點 經過多年後還能試"
My Beauty Diary 我的美麗日記,活能抗老保濕面膜 My Beauty Diary TRIPLE VITAMIN B NMN MASK,2025/07,5,學生時期第一個入手的面膜品牌就是我的美麗日記 相信愛美的朋友們一定都不陌生吧 現在推出新款小資族也能輕鬆入手抵抗歲月痕跡的面膜喔！！！ 嚴選逆齡明星成分NMN精準抗老撫紋敷起來非常輕薄 使用的是採藍晶天絲研製的超薄0.18mm超導絲絨纖維布膜 超柔軟親膚性服貼全臉無死角放+立體纖維導孔每片面膜都充滿精
My Beauty Diary 我的美麗日記,活能抗老保濕面膜 My Beauty Diary TRIPLE VITAMIN B NMN MASK,2025/07,5,很榮幸參與此次My Beauty Diary 我的美麗日記「活能抗老保濕面膜」 的試用活動。 外包裝看起來簡單帶點科技感一盒有5片面膜 拆開後沒有聞到什麼氣味 面膜紙真的是超薄超透的，都可以直接看到底部了 所以敷的時候非常服貼，輕盈不厚重，怎麼晃都不會掉 甚至到了會讓人忘記自己在敷面膜的程度 敷的時間
My Beauty Diary 我的美麗日記,活能抗老保濕面膜 My Beauty Diary TRIPLE VITAMIN B NMN MASK,2025/07,6,我的美麗日記「活能抗老保濕面膜」，比較揮別以往比較簡易的包裝，根據這次的抗老跟b群做一個結合，很簡約也很有科技感！我大概一週會敷一次面膜，在使用面膜比較在意面膜的材質，有的面膜使用存在感很高或是太厚實，喜歡那種比較薄透、感覺有服貼臉上的感覺。 打開面膜都第一感受是真的蠻薄透的，放在手上也能清楚看到手
My Beauty Diary 我的美麗日記,活能抗老保濕面膜 My Beauty Diary TRIPLE VITAMIN B NMN MASK,2025/07,5,超開心抽到 My Beauty Diary 我的美麗日記【活能抗老保濕面膜】！ 個人一直都是片狀面膜愛好者！晚上洗完澡 頭髮夾著 面膜貼上就可以出來做其他事情 不管是整理家裡 保養身體 還是耍廢看電視！超級方便，等到敷差不多再後續保養～ 對我來說 片狀面膜 我最注重的是面膜材質！這款纖維膜超級薄
My Beauty Diary 我的美麗日記,活能抗老保濕面膜 My Beauty Diary TRIPLE VITAMIN B NMN MASK,2025/07,6,謝謝@Cosme給我這個機會體驗我的美麗日記 活能抗老保濕面膜 身為一個乾肌人，一到換季或是冷氣房待久一點，臉就開始緊繃脫皮。最近嘗試了《我的美麗日記 活能抗老保濕面膜》，使用下來覺得保濕效果真的很不錯，有讓我驚喜到。 首先，這款面膜的布膜材質很貼臉，敷上去不會滑動，精華液的量也很剛好，不會太黏也
My Beauty Diary 我的美麗日記,活能抗老保濕面膜 My Beauty Diary TRIPLE VITAMIN B NMN MASK,2025/07,5,這次抽到的試用是： My Beauty Diary 我的美麗日記「活能抗老保濕面膜」 每次抽到尚未上市的新產品試用都覺得很期待且興奮😊 剛好最近皮膚也是很乾燥缺水 這款主打保濕又能抗老 完全符合我的需求🤣 面膜非常的薄，上臉後也很服貼 大小對於我來說也蠻剛好 精華液是有點ㄍㄡˊㄍㄡˊ的質地 但不會到
My Beauty Diary 我的美麗日記,活能抗老保濕面膜 My Beauty Diary TRIPLE VITAMIN B NMN MASK,2025/07,3,首先感謝@COSME和我的美麗日記提供的試用產品 產品主打具備緊緻彈嫩、增強屏障、改善細紋與暗沉的多重功效 內含三重維他命B能夠潤澤、修護、透亮一次滿足 B3 : 煥亮 B5 : 修護 B12 : 彈潤 面膜是我很喜歡的輕薄布膜材質 能夠服貼在臉上每處都不落下 內部的精華偏水狀而且份量很多 敷完面
My Beauty Diary 我的美麗日記,活能抗老保濕面膜 My Beauty Diary TRIPLE VITAMIN B NMN MASK,2025/07,5,很幸運收到這次的試用My Beauty Diary 我的美麗日記「活能抗老保濕面膜」 主打 B3、B5、B12 三重維他命，對乾肌、熬夜肌超級友好！ B3、B5與B12這三大明星成分，幾乎是溫和保養與肌膚穩定的代表。 整體感受可以說是相當不錯，特別適合肌膚偏乾、容易敏感或偶爾狀況不穩定的族群 🔹 Ni
My Beauty Diary 我的美麗日記,活能抗老保濕面膜 My Beauty Diary TRIPLE VITAMIN B NMN MASK,2025/07,7,很幸運能夠參加這一次的試用， 謝謝給我試用面膜的機會 這次試用的是我的美麗日記活能抗老保濕面膜打開後，它有珍珠膜，相當輕薄的面膜， 敷上臉，相當的舒適， 尤其在炎熱夏日，敷上這種清涼面膜， 真是一大享受😎敷上去後，我依然可以做我自己的事， 相當服貼，很適合東方人的臉型，完全不會滑落大約15至20分鐘
My Beauty Diary 我的美麗日記,活能抗老保濕面膜 My Beauty Diary TRIPLE VITAMIN B NMN MASK,2025/07,6,平價面膜竟然也有「NMN逆齡成分」添加！ 還有B3、B5、B12三重維他命複方，一片就可以達到彈潤、修護、煥亮！✨ 真的太讓人期待使用效果了～～精華液很足！每片含有23ml的精華液，記得不要浪費，可以拿來塗在脖子跟四肢哦～這款的「超導纖維布膜」真的超級薄透！只有0.18mm 敷在臉上幾乎沒有負擔感，可
My Beauty Diary 我的美麗日記,活能抗老保濕面膜 My Beauty Diary TRIPLE VITAMIN B NMN MASK,2025/07,5,首先要感謝My Beauty Diary 我的美麗日記及 @cosme提供的試用機會。這次抽中My Beauty Diary 我的美麗日記 「活能抗老保濕面膜」，收到的是一整盒5片入的正貨規格～ 面膜本身是有珍珠膜包覆的需先取下，面膜本身厚度就一般偏薄，裡面的精華液非常的濕潤，而且肉眼可見還有很多在
My Beauty Diary 我的美麗日記,活能抗老保濕面膜 My Beauty Diary TRIPLE VITAMIN B NMN MASK,2025/07,6,很幸運能參加這次活動 再次感謝urcosme給予的試用機會～🌹 一盒內有5入 以下為個人使用心得僅供參考： 面膜材質薄 優點是敷在臉上很服貼 但缺點也是因為很薄所以調整面膜位置比較麻煩 這款敷完感覺清爽 輕拍後感覺精華液幾乎都吸收了 保濕補水的感覺 精華液的量剛剛好 敷臉上還可以給脖子帶到一些 使用上
My Beauty Diary 我的美麗日記,活能抗老保濕面膜 My Beauty Diary TRIPLE VITAMIN B NMN MASK,2025/07,5,✨試用心得分享｜我的美麗日記 活能抗老保濕面膜✨ 這次有機會體驗到我的美麗日記的活能抗老保濕面膜，真的很開心也很驚喜！ 🌿 使用感受 面膜材質輕薄又服貼，臉型也很合，不會有邊邊空白或滑動的困擾。雖然精華液「只有」23g，但其實完全足夠敷滿15分鐘，保濕力也很到位。 💄 上妝建議 如果敷完面膜要馬
My Beauty Diary 我的美麗日記,活能抗老保濕面膜 My Beauty Diary TRIPLE VITAMIN B NMN MASK,2025/07,7,最近試用了這款主打抗老化與深層保濕的面膜，整體體驗超出預期，特別是它的面膜紙讓我非常驚艷！ 這款面膜最讓我驚喜的是它超薄的材質，拿出來的時候就覺得輕盈透明，上臉後幾乎像是「第二層肌膚」，貼合度非常好，不管是鼻翼、下巴還是額頭邊邊，都能完整包覆，連講話也不會滑落。 敷完之後的第一印象就是肌膚非常潤澤又有
My Beauty Diary 我的美麗日記,活能抗老保濕面膜 My Beauty Diary TRIPLE VITAMIN B NMN MASK,2025/07,6,我的美麗日記 活能抗老保濕面膜 一直以來都算是還滿喜歡用面膜的人 且 我之前也常買---我的美麗日記 這家面膜.... 因為這家產品很多樣化.....面膜有超多不同種類香味膚質可以選擇.....算是用過很多種 活能抗老保濕面膜...明星成分—NMN，說可以抗老撫紋 並添加三重維他命B - B3 煥亮
My Beauty Diary 我的美麗日記,活能抗老保濕面膜 My Beauty Diary TRIPLE VITAMIN B NMN MASK,2025/07,6,這款新上市的活能抗老保濕面膜我個人非常喜歡 它含有三大核心重點讓肌膚保濕彈潤有光澤且增強肌膚屏障 💎B-B3：幫助肌膚煥亮光澤 💎B5：修護肌膚 💎B12：彈潤好肌底 最基本的補水、修護，還能加強肌膚屏障帶有自然光澤感 面膜紙採用超導纖維布膜，厚度僅有0.18mm親膚又服貼 很常使用他牌面膜時，要東
My Beauty Diary 我的美麗日記,活能抗老保濕面膜 My Beauty Diary TRIPLE VITAMIN B NMN MASK,2025/07,5,三大核心重點 賦活彈潤新肌 具備緊緻彈嫩、增強屏障、改善細紋與暗沉的多重功效。 三重維他命B - B3 -煥亮、B5 -修護及B12 -彈潤， 一片潤澤、修護、透亮 成分表如下圖ᕙ⁠(͡⁠°⁠‿⁠ ͡⁠°⁠)⁠ᕗ[極密貼膚 超導纖維布膜] 超薄0.18mm細密親膚，服貼全臉， 材質如下圖~精華液蠻
My Beauty Diary 我的美麗日記,活能抗老保濕面膜 My Beauty Diary TRIPLE VITAMIN B NMN MASK,2025/07,5,非常感謝@cosme與@我的美麗日記 給我試用活能抗老保濕面膜如上圖一盒裡面有5張面膜 不添加Paraben、酒精、防腐劑 使用極貼膚-超導纖維布膜 這款面膜有珍珠膜需要先撕再敷面膜內含 維他命B3穩定膚況 維他命B5長效縮水 維他命B12透亮光采面膜上的精華液 是略微黏稠帶點乳白的透明感 微花香
My Beauty Diary 我的美麗日記,活能抗老保濕面膜 My Beauty Diary TRIPLE VITAMIN B NMN MASK,2025/07,7,曾幾何時我的美麗日記面膜是來台旅行爭相搶購的紀念品之一，後來因為韓國日本品牌的面膜大舉入台，一不小心就忘記這個MIT的隱形冠軍。 這次體驗我的美麗日記新品-「活能抗老保濕面膜」果然完全不負所望，面膜富含3重維他命(B3穩定膚況 x B5 長效鎖水 x B12 透亮光采)，還有專利的抗老成分，面膜材質
My Beauty Diary 我的美麗日記,活能抗老保濕面膜 My Beauty Diary TRIPLE VITAMIN B NMN MASK,2025/07,6,我的美麗日記是從學生時期就認識的保養品牌， 一路愛用至今，它們家面膜有各種系列，很多都是市面上數一數二的明星商品， 身為一個面膜控，發揮過神農嘗百草的精神，敷過超多面膜...... 其中我的美麗日記可以說是平價又好用的品牌，讓我愛不釋手。 這次體驗活能抗老保濕面膜，有幾點值得一提的優點， 首先是它的
My Beauty Diary 我的美麗日記,活能抗老保濕面膜 My Beauty Diary TRIPLE VITAMIN B NMN MASK,2025/07,7,"這次拿到UR的試用品是""我的美麗日記-活能抗老保濕面膜5入裝"",今年5/16才會上市的新品搶先體驗,就外觀包裝及文字敘述而言感覺很不錯,很有質感,這款面膜強調含有NMN逆齡成份,具備緊緻彈嫩、增強屏障、改善細紋與暗沉的多重功效,煥亮修護彈潤三重維他命一次到位 一打開後發現面膜的材質極薄,極密貼膚超導"
My Beauty Diary 我的美麗日記,活能抗老保濕面膜 My Beauty Diary TRIPLE VITAMIN B NMN MASK,2025/07,6,我的美麗日記系列 活能抗老保濕面膜 外盒包裝如⬆️⬇️來聊聊分享試用⬇️⬇️⬇️ 我的美麗日記-活能抗老保濕面膜 首先這裡面盒裝一共有5片 本身面膜裏頭的精華液不多 （我覺得這樣較好，不會濕答答） 且精華液的部分也比較黏稠 敷在全臉上後很完整跟服貼 敷完過後精華液都吸收完畢 臉上清爽完全沒有任何殘留
My Beauty Diary 我的美麗日記,活能抗老保濕面膜 My Beauty Diary TRIPLE VITAMIN B NMN MASK,2025/07,5,嗨大家好我是NN～ 今天要來開箱分享《我的美麗日記 活能抗老保濕面膜》（5入/組）🧖‍♀️💧 全新升級版來啦！這款面膜主打 「3重維他命B」＋「抗老成分NMN」，幫助肌膚注入滿滿水潤能量💦，強化屏障、提升防禦，養出健康透亮的年輕肌✨ ⸻ 🔍 明星成分亮點一次看： 🔸 維他命B5：深入肌底保濕鎖水
My Beauty Diary 我的美麗日記,活能抗老保濕面膜 My Beauty Diary TRIPLE VITAMIN B NMN MASK,2025/07,7,很高興可以獲得這次的體驗機會 一直在尋找一款輕薄服貼精華液質地不粘膩的面膜 沒想到在這次體驗找到了！！ - 精華液非常足夠，是會滴下來的那種 面膜紙上臉幾乎看不太出來有敷面膜🤣 超級服貼！！ 敷完完全不會粘膩，有保濕又不會悶，是非常適合「夏天」的面膜 敷完不用洗，再簡單上個乳液就好了～ 隔天臉會有種透
My Beauty Diary 我的美麗日記,活能抗老保濕面膜 My Beauty Diary TRIPLE VITAMIN B NMN MASK,2025/07,6,這次試用的是「我的美麗日記活能抗老保濕面膜」。 還記得剛開始敷臉的時候我的櫃子裡總是各種「我的美麗日記」，香味舒服價格親民好入手，用起來也沒過敏問題，算是小資族的好選擇。 事隔多年，現在的「我的美麗日記活能抗老保濕面膜」依然是個好入手的價格。 打開後有珍珠膜，但拿掉之後看得出面膜紙非常薄透精華液也
My Beauty Diary 我的美麗日記,活能抗老保濕面膜 My Beauty Diary TRIPLE VITAMIN B NMN MASK,2025/07,6,我的美麗日記面膜不可能有人沒用過吧！ 很多日韓的水水來台灣一定會帶的面膜 我的美麗日記肯定榜上有名 這次我用的是他們新上市的 「活能抗老保濕面膜」 人家說25歲之後肌膚狀況會每況愈下 抗老保濕真的很重要 這款面膜含B5、B3、B12保濕又補水 打開裡頭是一片珍珠膜+很服貼的面膜材質 精
My Beauty Diary 我的美麗日記,活能抗老保濕面膜 My Beauty Diary TRIPLE VITAMIN B NMN MASK,2025/07,7,很開心收到@cosme的試用，平常每兩三天就會敷一片面膜，完全是面膜的消耗大戶啊～ 這次收到我的美麗日記「活能抗老保濕面膜」，馬上就趕快拆開用 因為現在面膜市場真的太競爭了，國內外有太多太多商品可以選擇，已經1.2年沒有使用我的美麗日記的商品了，這次收到很驚艷，商品包裝質感跟以往比起來大大提升了不少，
My Beauty Diary 我的美麗日記,活能抗老保濕面膜 My Beauty Diary TRIPLE VITAMIN B NMN MASK,2025/07,7,很開心體驗一直很高CP值的《我的美麗日記》☺️ 雖然用過很多款《我的美麗日記》面膜，但每次推出新款面膜，仍然讓人相當期待，價格好入手之外，敷感的舒適度也是我一直回購的原因，這次收到的是《活能抗老保濕面膜》 面膜紙一如既往地非常貼合肌膚，面膜袋裡的精華液也足夠敷臉前先薄塗一層在臉上。 很喜歡《我的美麗日
My Beauty Diary 我的美麗日記,活能抗老保濕面膜 My Beauty Diary TRIPLE VITAMIN B NMN MASK,2025/07,6,感謝「cosme」及「我的美麗日記」供此抽獎活動 能讓我有機會搶先體驗新產品今天要分享的是我的美麗日記 活能抗老保濕面膜 大大打著逆齡 活顏 抗老 何其重要阿~~~ 明星成分有著NMN，精準抗老撫紋。 還添加三種維他命B - B3 、B5 、B12，煥亮、修護、彈潤。 面膜紙是「超導絲絨纖維布
My Beauty Diary 我的美麗日記,活能抗老保濕面膜 My Beauty Diary TRIPLE VITAMIN B NMN MASK,2025/07,5,很高興收到了My Beauty Diary 我的美麗日記「活能抗老保濕面膜」的產品試用 我的美麗日記是一個我很早就知道的品牌，以前也有使用過他們家的面膜，因此這次收到產品時，我很期待它帶給我的使用感受。 這次的商品主打保濕抗老， 產品添加了三重維他命B及研究支持抗老成分，更採用了超導纖維布膜可以在
My Beauty Diary 我的美麗日記,活能抗老保濕面膜 My Beauty Diary TRIPLE VITAMIN B NMN MASK,2025/07,5,首先感謝My Beauty Diary 我的美麗日記及cosme 提供本次試用機會 本次試用的產品是活能抗老保濕面膜 剛好符合大齡女子的我😌 他們家的面膜算是挺伏貼 也是我喜歡的那種薄薄式一片 大小也剛好適合我的臉型 敷的過程中也無任何不舒服及刺痛感 味道也不會很重 或是有酒精味 敷上面膜10-15分
My Beauty Diary 我的美麗日記,活能抗老保濕面膜 My Beauty Diary TRIPLE VITAMIN B NMN MASK,2025/07,7,這次體驗的產品是：我的美麗日記-活能抗老保濕面膜 一盒內有5入◆ 嚴選3重維他命B以及文獻研究支持抗衰老成分NMN，達到賦水保濕、強化屏障，提升肌膚保護力。 ◆ B5具有滲透保濕水潤及鎖水修護力，能夠預防肌膚乾燥，由內而外強化皮表屏障的穩定性。 ◆ B3勻亮膚色改善暗沉，維持肌膚油水平衡，緊緻毛孔。
My Beauty Diary 我的美麗日記,活能抗老保濕面膜 My Beauty Diary TRIPLE VITAMIN B NMN MASK,2025/07,7,從以前就買過不少我的美麗日記面膜 就連現在我囤貨櫃子裡還有其他款式的囤貨！ 很開心這次收到活能抗老保濕面膜 隨著年紀漸漸來到30 也是該好好進行肌膚抗老的保養了 這款面膜使用起來很服貼 大小也很剛好 面膜中的精華液超～級～多～ 袋子裡面剩餘的精華液都可以再拿一張面膜紙敷一次了 總覺得丟掉好可惜！ 所
My Beauty Diary 我的美麗日記,活能抗老保濕面膜 My Beauty Diary TRIPLE VITAMIN B NMN MASK,2025/07,7,感謝@cosme和我的美麗日記提供「活能抗老保濕面膜」的試用機會 本身是油性肌膚容易長痘痘的體質 面膜一共有5片，共試用10天(兩天使用一片，都是在晚上洗澡後睡前使用) 面膜紙是超導絲絨纖維，面膜材質比起一般面膜真的細緻很多，上臉也非常服貼 每次大約都是敷15分鐘後，取下後再稍微用水沖掉，再上其他
My Beauty Diary 我的美麗日記,活能抗老保濕面膜 My Beauty Diary TRIPLE VITAMIN B NMN MASK,2025/07,7,感謝urcosme與廠商讓我抽中試用，推薦有保濕抗老需求的人使用，面膜材質非常薄，打開使用時要輕柔一點避免破掉，成分)添加明星成分—NMN，能精準抗老撫紋，還添加三重維他命B - B3 #煥亮、B5 #修護、B12#彈潤，一滴彈潤亮，讓肌膚煥發青春光彩！ 使用完之後，當作上精華液的步驟，繼續後續保養，
My Beauty Diary 我的美麗日記,活能抗老保濕面膜 My Beauty Diary TRIPLE VITAMIN B NMN MASK,2025/07,4,感謝我的每日日記和@cosme平台提供試用品 對於現在夏季炎熱的天氣，絕對是需要來片面膜 這次試用的產品是我能抗老保濕面膜 裡面成分包含三種維他命，能夠修護、保濕、透亮， 清爽不粘膩的精華很適合夏季日常保養與加強修護。 這款面膜搭配的超導纖維布膜，面膜布很薄與服貼 在敷面膜的過程不易浮起或掉落，這點
My Beauty Diary 我的美麗日記,活能抗老保濕面膜 My Beauty Diary TRIPLE VITAMIN B NMN MASK,2025/07,6,從高中就有用過我的美麗日記， 陸陸續續用過好多不同系列， 對他的印象就是表現穩定， 沒有任何一款我用了會過敏， 所以印象很好。 這次新系列「活能抗老保濕面膜」， 保濕兩個字依然是我選保養品的首要條件， 但現在即將36歲， 抗老也是很有吸引力， 面膜紙很服貼， 我覺得是很剛好的薄厚度， 精華液給的也是
My Beauty Diary 我的美麗日記,活能抗老保濕面膜 My Beauty Diary TRIPLE VITAMIN B NMN MASK,2025/07,5,肌膚：混和偏乾、Ｔ字出油 成分：B3、B5、B12 價位：NT$250/5入 效果：謝謝COSME讓我抽到試用品，我一直都有使用面膜的習慣，這款光是成分就讓人會想入手，B3提亮、B5保濕舒緩、B12改善暗沉，我的美麗日記對於面膜方面一直都很用心，這款面膜材質也不例外，面膜本身的含水度還不錯，拿起
My Beauty Diary 我的美麗日記,活能抗老保濕面膜 My Beauty Diary TRIPLE VITAMIN B NMN MASK,2025/07,7,謝謝@comse抽到 我的美麗日記活能抗老保濕面膜 膚質：混合偏T字部位油 對於愛敷面膜的我來說，真的是太棒了 使用方法：清潔化妝水之後，撕掉珍珠面膜輕敷於全臉，約15-20分鐘可取下面膜。 敷在臉上，冰冰涼涼的感覺好舒服，超薄的0.18mm，服貼全臉，敷完了，臉上還留有精華液，可以按摩至吸收。 整個
My Beauty Diary 我的美麗日記,活能抗老保濕面膜 My Beauty Diary TRIPLE VITAMIN B NMN MASK,2025/07,5,很開心@cosme&我的美麗日記提供試用產品 這次抽到是我的福利面膜 身為二寶媽的我保養的時間有限 面膜對我來說很重要也很簡單方便的保養 我的美麗日記這品牌不陌生也買過很多不同功效的面膜 我主要是保濕這塊很注重 這款不但有保濕還能抗老真的是懶人福音 材質是超薄纖維布膜很輕薄 精華液也非常多很好
My Beauty Diary 我的美麗日記,活能抗老保濕面膜 My Beauty Diary TRIPLE VITAMIN B NMN MASK,2025/07,5,感謝獲得試用機會～ 我每次收到@cosme的試用產品，都會很開心😃 因為試用的產品都很大方，總是會是正品來的～ 我覺得試用就是要用久才會有感覺。 試用包其實根本沒有什麼效果～ 就算有也是當下而已。 這次試用的是一盒活能抗老保濕面膜！ 裡面共有五入裝。 我每次都是在洗澡洗臉後敷上一片。 大約15分鐘後在
My Beauty Diary 我的美麗日記,活能抗老保濕面膜 My Beauty Diary TRIPLE VITAMIN B NMN MASK,2025/07,7,香味：無特殊香味 服貼度：非常服貼 保濕度：佳 黏膩感：低 回購率：高 這是我第一次使用我的美麗日記的面膜， 面膜使用方式是敷15分鐘，使用後無需進行清洗， 照著它的使用方式，無進行清洗， 使用後，使用將剩餘的菁華液按摩至吸收， 完全不像其他面膜一樣會很悶、或是油，或是黏膩，反而很清爽 使
My Beauty Diary 我的美麗日記,活能抗老保濕面膜 My Beauty Diary TRIPLE VITAMIN B NMN MASK,2025/07,6,這次試用了「美麗日記活能抗老保濕面膜」，性價比超高！它裡面添加了3種維他命B和抗老成分NMN，不僅讓肌膚喝飽水，還能幫助增強皮膚的防禦力，感覺整個臉都更有活力了。 像是維他命B5，敷完面膜後，肌膚的水潤感特別明顯，乾燥粗糙的地方都變得柔嫩細緻，好像給皮膚穿上了一層保護衣。B3的效果也很棒，膚色看起來
My Beauty Diary 我的美麗日記,活能抗老保濕面膜 My Beauty Diary TRIPLE VITAMIN B NMN MASK,2025/07,6,感謝給予我機會試用My Beauty Diary 我的美麗日記【活能抗老保濕面膜】，面膜的膜布很薄，使用的是獨特的超導纖維布，在臉上非常的服貼，而精華液也給的很大方，剩下的精華液拿來塗頸部，手臂，敷完15分鐘後去下，發現臉超級水潤。此面膜採用了3種維他命保濕成分：B3、B5、B12，分別的功效是增進皮
My Beauty Diary 我的美麗日記,活能抗老保濕面膜 My Beauty Diary TRIPLE VITAMIN B NMN MASK,2025/07,7,My Beauty Diary 我的美麗日記「活能抗老保濕面膜」 面膜材質很薄 清透 柔軟服貼全臉 是那種超薄而不容易滑動的設計 精華液的量也非常足夠 在敷面膜的同時 也可以把袋內的精華液擠在面膜上 馬上補充 量保夠 敷在臉上大約15～20分鐘 完全不會有乾掉的感覺 好吸收不黏膩 敷完後肌膚立刻
My Beauty Diary 我的美麗日記,活能抗老保濕面膜 My Beauty Diary TRIPLE VITAMIN B NMN MASK,2025/07,7,已經戒掉敷面膜的習慣好多年 原本覺得差異不大 但是敷完美麗日記還是好驚豔啊～ 因為生了小孩時間緊湊 從滿抽屜的面膜變成零面膜 這次抽到的是美麗日記活能抗老保濕面膜 完全適合35up的熟齡肌膚 主打成分是NMN逆齡成分和三重維他命 B3 B5 B12 潤澤 修護 透亮 一片到位 面膜布採用超導
My Beauty Diary 我的美麗日記,活能抗老保濕面膜 My Beauty Diary TRIPLE VITAMIN B NMN MASK,2025/07,7,感謝@cosme和My Beauty Diary 我的美麗日記給我這個機會參與試用「活能抗老保濕面膜」體驗活動 *此次試用的項目有「活能抗老保濕面膜」1盒5入裝。 *使用時間:5月晚上，快夏天的時候，在冷氣房。 使用順序&試用過程: *洗完臉→化妝水→敷面膜→輕輕按摩幫助精華液完全吸收。 *綜
My Beauty Diary 我的美麗日記,活能抗老保濕面膜 My Beauty Diary TRIPLE VITAMIN B NMN MASK,2025/07,5,最近天氣越來越悶熱，皮膚缺水之外也變得比較敏感，有時會出現泛紅，毛孔也比較粗大，工作原因需長時間待在冷氣房，肌膚很容易變得乾燥，很容易產生油水失衡的狀態，因此即便是夏天，我的皮膚也需要很注重保溼，才不會讓肌膚因缺水看起來乾燥且有細紋，這次試用我的美麗日記的抗老保濕面膜親膚性蠻高，面膜本身是薄的，所以貼
My Beauty Diary 我的美麗日記,活能抗老保濕面膜 My Beauty Diary TRIPLE VITAMIN B NMN MASK,2025/07,7,之前就常常購買我的美麗日記面膜來使用，每週末都會邊泡澡邊敷面膜，我的美麗日記面膜好用的地在於它的服貼度，每次敷起來都很舒服，大小也適中，可以選擇的款式也很多，敷完隔天都很明亮，肌膚保水度都提升，很舒服又滿意，這次使用到的是My Beauty Diary 我的美麗日記「活能抗老保濕面膜」同樣的服貼度幾乎
My Beauty Diary 我的美麗日記,活能抗老保濕面膜 My Beauty Diary TRIPLE VITAMIN B NMN MASK,2025/07,4,"My Beauty Diary 我的美麗日記出了好多款的面膜，我都已經記不得這是第幾次用它們家的面膜了。 這次用的是""活能抗老保濕面膜""，面膜形式是珍珠膜那種，老實說這款面膜的精華液還是太多了，要小心不要滴下來以外，剩下的精華液用在身體上，還是用不完......剩下的不管是放冰箱或隔天用，感覺都不是好"
My Beauty Diary 我的美麗日記,活能抗老保濕面膜 My Beauty Diary TRIPLE VITAMIN B NMN MASK,2025/07,6,很開心這次抽到@cosme的試用商品，我的美麗日記-活能抗老保濕面膜， 第一次使用活能抗老保濕面膜，主打緊緻彈嫩、增強屏障、改善細紋與暗沉的多重功效， 包裝設計的繽紛可愛，裡面有珍珠膜和織布面膜。 平時都會敷面膜當作保養的流程，我的膚質是混合偏油， 但用到比較刺激成分會過敏，所以比較在意成分， 裡面
My Beauty Diary 我的美麗日記,活能抗老保濕面膜 My Beauty Diary TRIPLE VITAMIN B NMN MASK,2025/07,2,感謝@COSME讓我有試用的機會，商品一盒一共5片/$250。 面膜質感: 薄的纖維布膜，服貼度普通 (摺痕處不容易服貼臉部)，可以覆蓋全臉。 精華液: 稠狀偏水，香氣宜人 (非花香，像清爽的瓜類味道) 敷完後，感覺臉部有水嫩。不過多餘的精華液... 雖然說明書上有備註不用再洗臉，但是使用下來 我會去
My Beauty Diary 我的美麗日記,活能抗老保濕面膜 My Beauty Diary TRIPLE VITAMIN B NMN MASK,2025/07,6,這次的試用產品是My Beauty Diary 我的美麗日記「活能抗老保濕面膜」~ 我的美麗日記我想大家應該都不陌生吧！ 我從高中開始就有在使用的品牌～ 而且美麗日記也是大家來台灣玩觀光後回去會買的伴手禮之一喔！ 這次的活能抗老保濕面膜重點是三重維他命B X NMN 我目前使用到第三片，整體來說我覺
Neogence 霓淨思,玻尿酸保濕水平衡滲透乳,2025/07,6,謝謝@cosme & Neogence提供本次試用機會！ 一直都是霓淨思的愛用者，這次抽到霓淨思全套新品超開心💖💖💖 玻尿酸保濕水平衡滲透乳 質地乳白，好推勻好吸收 推開後很水潤，這點讓我十分驚豔（個人很喜歡推開後水潤的乳液） 沒有香味這點深得我心！ 很適合做為基礎保養使用 我的膚質是混合肌
Neogence 霓淨思,玻尿酸保濕水平衡滲透乳,2025/07,6,非常感謝@cosme和Neogence提供此次的試用機會 已經用過蠻多霓淨思的產品了 這次能收到整組試用真的很開心🥰 ｜ Neogence 霓淨思 玻尿酸保濕水平衡滲透乳 ｜霧面透明塑膠瓶身，是真空按壓設計，不會浪費任何的乳液 很讚！擠出來是白色乳液狀質地，抹開很水潤好推勻 吸收速度中等 擦完的膚觸
Neogence 霓淨思,玻尿酸保濕水平衡滲透乳,2025/07,6,首先感謝@cosme和Neogence提供的試用品 這次拿到的是玻尿酸保濕水平衡系列 話說我發現我跟霓淨思好有緣 這已經是我開始在@cosme寫心得後 第四次抽到試用品了～根據官方介紹 玻尿酸保濕水平衡滲透乳有以下特點 ● 全新撼動極效水平衡配方，搭載出羽玄米油+高純度神經醯胺+植萃角鯊烷，清爽潤澤，
Neogence 霓淨思,玻尿酸保濕水平衡滲透乳,2025/07,5,感謝@cosme和Neogence提供正品試用 本篇試用的是【玻尿酸保濕水平衡滲透乳】這次的包裝盒很用心耶 還標記告訴你這是保養的哪個步驟 【 官方介紹 】 清爽潤澤，完美油水平衡 ● 全新撼動極效水平衡配方，搭載出羽玄米油+高純度神經醯胺+植萃角鯊烷，清爽潤澤，完美油水平衡。 ● 保濕權威再
Neogence 霓淨思,玻尿酸保濕水平衡滲透乳,2025/07,6,Neogence 霓淨思 玻尿酸保濕水平衡滲透乳 ☆☆☆官方主打☆☆☆ 清爽潤澤，完美油水平衡 *全新撼動極效水平衡配方，搭載出羽玄米油+高純度神經醯胺+植萃角鯊烷，清爽潤澤，完美油水平衡。 *保濕權威再升級，5重玻尿酸打造極效水平衡配方，串起水分供應鏈，開創保濕新高度。 *出羽玄米油，富含穀維素及
Neogence 霓淨思,玻尿酸保濕水平衡滲透乳,2025/07,6,霓淨思保濕水平滲透乳 這次收到保濕超完整的組合保養品系列 保濕對乾性肌膚又常曬太陽的我來說，真的非常重要！ 不管是夏季或是冬季，皮膚真的很容易非常缺水 這次使用霓淨思的水平滲透乳液，我發現可以感受到他的滋潤感 但在使用後，對臉上的感覺是無負擔的 用起來皮膚很舒服，也不黏膩，好吸收！質地偏乳膏狀，本身
Neogence 霓淨思,玻尿酸保濕水平衡滲透乳,2025/07,6,這款乳液真的是我回購率超高的一支！不管冬天、夏天都很好用✨質地看起來是乳狀，但推開後會變成水水的延展感，完全不會黏膩、悶住肌膚。 味道有淡淡的味道，但不會讓人不喜歡，而且上臉後味道一下就散了，所以基本上沒有什麼影響。吸收速度也很快，後續想搭配什麼保養品都很順、不打架💕 最重要的是——平價又不心疼！
Neogence 霓淨思,玻尿酸保濕水平衡滲透乳,2025/07,7,"感謝有機會試用「霓淨思-玻尿酸保濕水平衡滲透乳」 產品外包裝素淨簡單，是霓淨思一貫的包裝風格。 產品主打 *全新撼動極效水平衡配方,搭載出羽玄米油+高純度神經醯胺+植萃角鯊烷、清突潤澤,完美油水平衡。 *保濕權威再升級 5重玻尿酸打造極效水平衡配方 串起水分供應鏈,開創保濕新高度。 *出羽玄米油,"
Neogence 霓淨思,玻尿酸保濕水平衡滲透乳,2025/07,6,感謝 @cosme 提供這次試用 Neogence 霓淨思「玻尿酸保濕水平衡滲透乳」的機會！ 這款乳液主打極效水平衡保濕，搭載5重玻尿酸、高純度神經醯胺、植萃角鯊烷與出羽玄米油等成分，強化肌膚的保水鎖水力，同時提升防禦屏障，維持肌膚穩定透潤。 使用感受如下： 質地： 乳白色乳液狀，質地柔滑細緻，有一
Neogence 霓淨思,玻尿酸保濕水平衡滲透乳,2025/07,7,謝謝@Cosme和Neogence霓淨思體驗玻尿酸保濕水平衡系列🥰 說到霓淨思是我第一個接觸的醫美品牌，相對比較好入手醫美品牌，以科學實證為依據，秉持嚴謹態度與實證精神，從之前接觸過玻尿酸系列就很喜歡，溫和清爽好吸收～ ✔️玻尿酸保濕水平衡精華化妝水—強化注水、啟動保濕💦 澳洲野生玫瑰茄➕法國翡
Neogence 霓淨思,玻尿酸保濕水平衡滲透乳,2025/07,5,超感動這次抽到的是愛牌霓淨思的新品！😍 一次三瓶正品幾乎包了平常保養全套流程👍🏻 乳液新品-玻尿酸保濕水平衡滲透乳 和A醇都是真空瓶身好壓控制用量，搭載出羽玄米油+高純度神經醯胺+植萃角鯊烷，打造油水平衡，穩定膚況 整體是清爽的保濕潤澤效果，一次壓1～2下，沒有香味，好推開且不油膩不厚重，對我來說就是
Neogence 霓淨思,玻尿酸保濕水平衡滲透乳,2025/07,6,膚況：毛孔粗大、缺水、肌膚暗沉 天氣：30度C、悶熱 首先感謝@cosme及霓淨思提供這次試用機會~~ 官網資訊 -5重玻尿酸打造極效水平衡配方，串起水分供應鏈，開創保濕新高度。 -出羽玄米油，冨含穀維素及維他命E，提高防禦力，祇禦外界刺激。 -高純度神經醯胺，密集修復乾燥角
Neogence 霓淨思,玻尿酸保濕水平衡滲透乳,2025/07,6,Neogence 霓淨思玻尿酸保濕水平衡滲透乳質地輕盈但保濕力不馬虎 推開像絲滑乳液一樣吸收後肌膚感覺柔軟又不黏膩 最喜歡的是它的滲透力 擦完臉摸起來是舒服的潤澤感 不會悶也不會有厚重感 很適合台灣潮濕天氣使用搭配同系列化妝水和精華使用 保濕層層疊加 肌膚一整天都不容易乾 是一款簡單卻非常實用的保濕乳
Neogence 霓淨思,玻尿酸保濕水平衡滲透乳,2025/07,6,"一整組的霓淨思試用起來最有感的是""穩定膚況+保濕"" 試用條件：期間3周，早晚皆會使用，視情況有抽換搭配的保養品。 試用者膚況：混合肌，近期有偏油肌趨勢，無敏感、無酒糟 產品體驗：用量普通、好吸收、無香料味、保濕度有感提升、不跟其他產品打架 有搭配使用的保養品：寶拉珍選水楊酸精華液、寶拉proA醛 這"
Neogence 霓淨思,玻尿酸保濕水平衡滲透乳,2025/07,5,個人膚質： 混合肌（T字易出油、嘴角/下巴/鼻翼偏乾易起皮） 包裝：❤️❤️❤️❤️❤️ 塑膠瓶身非常輕巧 (個人易手滑偏愛輕的+耐摔🤣 跟舊版一樣只進不出的按壓式設計 使用衛生👍🏻👍🏻 味道：❤️❤️❤️❤️🖤 幾乎沒有任何味道～ 質地：❤️❤️❤️❤️🖤 一般乳液狀 放上與舊版-玻尿酸保濕深
Neogence 霓淨思,玻尿酸保濕水平衡滲透乳,2025/07,6,謝謝@cosme讓我有機會體驗Neogence 霓淨思玻尿酸保濕水平衡滲透乳🎉 這罐乳液本身質地按壓出來會想說會不會很厚重，很很黏，但其實不會，抹開後會發現，有微微的化成水變清爽的感覺，第一次使用不確定用量，所以採取少量多次的進行，多天使用後發現，大概按兩泵，是剛好我的臉的使用量，乳液上臉後，其實吸
Neogence 霓淨思,玻尿酸保濕水平衡滲透乳,2025/07,7,很高興@cosme讓我試用到【霓淨思】玻尿酸保濕水平衡滲透乳 這款滲透乳是這系列化妝水、保濕精華裡面重要的一環！因為它可以把前面保養程序達到一個收尾！整個鎖水保濕，讓肌膚呈現一個保護膜，一定要三個一起，整個保養程序才完成喔！這也是我使用起來的心得❤️非常棒 這款滲透乳成分⬇️ ◎極效水平衡配方（與化妝
Neogence 霓淨思,玻尿酸保濕水平衡滲透乳,2025/07,7,我是混合肌 T字部位容易出油 這幾天天氣非常的悶熱 悶熱潮濕的氣候很怕黏黏的保養品 Neogence 霓淨思「玻尿酸保濕水平衡滲透乳」 屬於清爽型的乳液 化妝水—精華液—玻尿酸保濕水平衡滲透乳乳液 質地水潤水潤 這樣搭配下來不會黏黏厚重 擦完蠻快吸收沒有負擔感 適合夏天悶熱天氣使用👍 霓淨思這次出的系
Neogence 霓淨思,玻尿酸保濕水平衡滲透乳,2025/07,7,非常感謝Urcosme讓我有這個機會體驗-- Neogence 霓淨思「玻尿酸保濕水平衡滲透乳」包裝--真空按壓瓶的包裝，非常滿意。質地--白色凝乳狀 。 味道--無香味。 感受（本身膚質是混合偏乾）--質地輕盈不厚重，好推開、延展性高，吸收速度很快，且不會有黏膩感，很清爽，使用感受非常好，是自己
Neogence 霓淨思,玻尿酸保濕水平衡滲透乳,2025/07,7,結論：清爽潤澤有感 來源：感謝@cosme試用提供 使用期：約1.5週，產品功效【保濕潤澤】。 #本身屬於鼻油臉乾混合性肌膚，皮膚微過敏但對酒精不會，不易長痘長斑，毛孔稍微明顯，雙頰非常容易泛紅，過敏性黑眼圈眼睛易水腫# ＊是否有過敏現象→無任何不舒服的狀況 本次試用為品牌最新玻尿酸保濕水平
Neogence 霓淨思,玻尿酸保濕水平衡滲透乳,2025/07,7,最近使用 Neogence 霓淨思推出的玻尿酸保濕水平衡滲透乳約兩週，整體感受相當不錯。霓淨思是我一直信任的台灣醫美保養品牌，這款滲透乳主打清爽保濕與穩定肌膚狀態，剛好很適合我目前在夏季冷氣房長時間工作、肌膚容易水油失衡的情況。滲透乳的質地輕盈不厚重，推開後延展性好，吸收速度快，不會有黏膩或悶熱感。搭
Neogence 霓淨思,玻尿酸保濕水平衡滲透乳,2025/07,5,膚質：混合偏油，兩頰乾，T字油 質地：不算太稠、太厚重的乳液 氣味：無味，就是原本的味道 吸收度：吸收速度中等偏快，不會等很久 使用期間：一週7天 心得：看BA圖的話可以看出泛紅的狀況有改善，一些小紅痘痘也有消下去，皮膚狀況有比較穩定。紅血絲的部分效果沒有太明顯，可能需要再更長期的使用才會有效果出現。
Neogence 霓淨思,玻尿酸保濕水平衡滲透乳,2025/07,5,感謝Urcosme這次抽到Neogence 霓淨思 玻尿酸保濕水平衡滲透乳試用商品~ 已經有使用過好幾次他們家的商品，可說是品質保障！ (本人肌膚是混和偏油，兩頰外油內乾) 一開始先試用在手上，乳液好推勻，延展性佳 自己偏油肌，上臉後過了一段時間還是有點小黏膩，但用量少少就可以塗完我的臉，算是很不錯
Neogence 霓淨思,玻尿酸保濕水平衡滲透乳,2025/07,5,很開心可以收到霓淨思的玻尿酸保濕水平衡滲透乳的試用！這款滲透乳的質地是介於乳液與精華液之間的感覺，帶有一點水潤卻不會過於稀薄，延展性非常好。一泵的用量就能推開全臉，不會有黏膩或厚重的感覺，這對我這種混合性肌膚來說非常友善。我平常T字部位偏油，兩頰偏乾，這款乳液能給予肌膚足夠的水分與柔嫩的觸感。 這款
Neogence 霓淨思,玻尿酸保濕水平衡滲透乳,2025/07,7,感謝@cosme及Neogence霓淨思讓我有機會試用 「玻尿酸保濕水平衡精華化妝水」、「玻尿酸保濕水平衡滲透乳」、「玻尿酸保濕水平衡賦能精華」 這次好霸氣直接三瓶都是正貨👍👍👍真的好開心 首先是精華化妝水 質地偏水、沒有什麼味道 塗抹在肌膚上還蠻好吸收蠻清爽 再來是精華液 質地比化妝水稠
Neogence 霓淨思,玻尿酸保濕水平衡滲透乳,2025/07,6,感謝@cosme以及Neogence 霓淨思讓我有機會可以試用「玻尿酸保濕水平衡滲透乳」這項產品❤️ 這罐裡面質地是乳液的質地 很好推勻、延展性佳、無香精香料添加 很溫和不刺激，擦上臉上一下子就吸收了 因為我的肌膚狀況是T字較容易出油，兩頰偏乾 所以如果在冬天使用這項產品，需要再加強油向保濕 才能輔
Neogence 霓淨思,玻尿酸保濕水平衡滲透乳,2025/07,5,［Neogence 霓淨思］玻尿酸保濕水平衡滲透乳， UR試用。 添加出羽玄米油， 富含穀維素及維他命E， 提高防禦力， 抵禦外界刺激。 高純度神經醯胺， 密集修護乾燥角質， 形成鎖水膜，持續高含水。 植萃角鯊烷， 親膚易吸收， 打造油水平衡，穩定膚況。 天氣變熱對油肌來說真的很難挑保養品， 要
Neogence 霓淨思,玻尿酸保濕水平衡滲透乳,2025/07,4,非常感謝@cosme讓我抽中Neogence 霓淨思「玻尿酸保濕水平衡賦能精華系列」試用商品乙組，此篇心得是講「玻尿酸保濕水平衡滲透乳」 此款是用真空壓力瓶，滲透乳只需綠豆大小即可塗抹整張臉，並無香味，在臉溫下很快就化開成水的感覺，非常的好推勻，塗抹後能感受到非常保濕外加一點油膩感 目前是夏季，氣
Neogence 霓淨思,玻尿酸保濕水平衡滲透乳,2025/07,7,感謝cosme與霓淨思提供此次試用機會 這次收到的是一整個玻尿酸保濕水平衡系列，有化妝水、精華、乳液，一天基本的保養全到位。 玻尿酸保濕水平衡滲透乳 也就是我們保養品中重要的角色-乳液 沒什麼味道 因為延展性好、好推勻，只需擠一下的量，就可以抹完全臉 搭配玻尿酸保濕水平衡精華及玻尿酸保濕水平衡
Neogence 霓淨思,玻尿酸保濕水平衡滲透乳,2025/07,6,很開心這次抽到霓淨思玻尿酸保濕水平衡滲透乳 之前就是霓淨思愛用者～ 平易近人的價格，醫美等級效果的保養品！😍 霓淨思的每個產品味道都很淡，給人天然純淨的感覺 也確實使用起來不會刺激、敏感👍 我的使用步驟是將化妝水倒在化妝棉上擦拭全臉 再來擦精華液，然後是乳液 精華液及乳液都是倒在手心，雙手推開搓熱後擦
Neogence 霓淨思,玻尿酸保濕水平衡滲透乳,2025/07,6,這次使用霓淨思玻尿酸保濕水平衡滲透乳的整體感受非常好，對於混合偏油或容易出油的膚質來說，這瓶乳液的清爽度表現得非常優秀！質地輕盈滑順，延展性佳，推開後吸收得很快，不會有厚重或黏膩的負擔感 它添加了五種玻尿酸、出玄米油及植萃角鯊烷，能深層補水又維持油水平衡，讓肌膚一整天都保濕潤澤卻不泛油光，使用幾天後
Neogence 霓淨思,玻尿酸保濕水平衡滲透乳,2025/07,6,1. 真空瓶很加分！ 2. 質地很棒的乳液， 我個人最喜歡這種擠出來偏硬一點的乳液了， 有比較高的機率不會太油。 (偏水乳那種會流來流去我不喜歡，只拿來按摩用。) 3. 吸收速度很快，超適合出門前用， 不用花時間等吸收。 保濕度中間，偏清爽型， 乾
Neogence 霓淨思,玻尿酸保濕水平衡滲透乳,2025/07,6,Neogence 霓淨思玻尿酸保濕水平衡滲透乳比同系列的精華更黏一些，擦完會有明顯的保濕膜感。對乾肌來說是安心的滋潤，但在台灣夏天使用會有點悶，可能比較適合秋冬或冷氣房長時間使用。乳液質地雖然濃稠，但不致痘、也沒有添加香味，跟精華一樣只有淡淡的原料味。搭配精華使用，保濕效果更持久，乾燥脫皮的狀況有改善
Neogence 霓淨思,玻尿酸保濕水平衡滲透乳,2025/07,5,首先謝謝 cosme 和霓淨思提供到試用機會，很開心能抽中乳液組適用，此次體驗的商品為玻尿酸系列，有精華/精華水/乳液，我覺得商品保濕程度蠻不錯的，但是又不會過於黏膩，夏天也可以使用唷～！ 然後使用起來溫和不刺激，基本上無特別味道，就是保養品一般成份的味道，推薦給各位，我覺得可以購入嘗試使用看看唷～！
Neogence 霓淨思,玻尿酸保濕水平衡滲透乳,2025/07,6,Neogence 霓淨思玻尿酸保濕水平衡滲透乳質地清爽，帶有淡淡水潤感，延展性很好，擦上臉後能迅速被吸收，不會有厚重或黏膩感。搭配同系列化妝水使用後，能有效鎖住水分，讓肌膚維持一整天的水潤與穩定。成分中含有多重玻尿酸、神經醯胺與角鯊烷，保濕之餘也能強化肌膚屏障。使用一段時間後，膚況變得穩定細緻，乾燥緊
Neogence 霓淨思,玻尿酸保濕水平衡滲透乳,2025/07,7,"感謝@COSME與Neogence提供的試用機會! 我的膚質有點外油內乾的傾向，但偶爾會突然莫名的敏感(可能年紀到了肌膚屏障越來越差)， 現在都需要備著溫和保濕的""安全性""機能產品。 可是這類產品很常遇到過度滋潤或是無感無效，漸漸發現成分單純又有效的基礎保養反而更難找。 霓淨思這系列從化妝水到精華液"
Neogence 霓淨思,玻尿酸保濕水平衡滲透乳,2025/07,5,還蠻好用的，吸收很快，但就是感覺用量比較多，要一直買，真空瓶的設計可以壓乾最後一滴
Neogence 霓淨思,玻尿酸保濕水平衡滲透乳,2025/07,6,這款乳液採用真空按壓瓶設計，非常方便控制用量，按壓兩下就能塗滿全臉。乳液的質地偏滋潤，但非常輕盈柔滑，不會有厚重黏膩感，非常舒服。 它完全無添加香味，對氣味敏感的肌膚來說是一大優點。吸收速度很快，抹完不需要等太久就能繼續後續保養或上妝。保濕力佳，整天都不乾、不脫皮，甚至連下午都不會浮粉或乾裂。 我都
Neogence 霓淨思,玻尿酸保濕水平衡滲透乳,2025/07,4,霧面真空瓶身 很喜歡真空的包裝 可以完全不浪費的將產品使用完 乳液狀質地 搭配羽玄米油、高純度神經醯胺、植萃角鯊烷 滑順不黏膩好推勻 將前面的化妝水及精華液完好的鎖著 隔天後洗臉時依然有感覺到還完好附著於肌膚上 不會有不舒服的感覺 但如果是在比較悶熱的環境下 可能就不太合適 非常感謝@cosme及
Neogence 霓淨思,玻尿酸保濕水平衡滲透乳,2025/07,5,這款玄米油+植萃角鯊烷+大小分子玻尿酸 大小分子玻尿酸可以同時補水+鎖水 屬於清爽型乳液 延展性很高 用量超省 沒有香味沒有酒精 敏感肌也可使用~ 雖品牌稱為清爽型乳液 但我個人認為滋潤度算高 這系列水精華乳液一套用下來有點過滋潤 臉有長一些閉鎖粉刺:( 可能會更適合中性或乾肌~ 我應該會收起來等冬天
Neogence 霓淨思,玻尿酸保濕水平衡滲透乳,2025/07,5,對我來說，選一瓶「乳液」從來都不是簡單的事。太滋潤容易長痘、太清爽又覺得保濕力不夠，尤其是介於乾性與混合性之間的膚質，一到換季或冷氣房待久了，臉就開始乾癢緊繃、甚至脫皮。 這瓶滲透乳的質地是我第一次使用就非常喜歡的類型：帶有一點乳狀質地，一抹在肌膚上就能輕鬆推開，而且吸收得比我想像中快，沒有一般乳液
Neogence 霓淨思,玻尿酸保濕水平衡滲透乳,2025/07,7,很喜歡這種真空罐的設計，完全不放過任何一丁點，而且隔絕空氣也不易變質！ 產品質地清爽，吸收速度快，在炎熱或潮濕的季節也很適合使用，但如果在冬天或冷氣房，可能保濕度會稍嫌不足，建議可以搭配面霜或更保濕的產品一起使用喔！ 價格來說也算平價，裡面的成份也是非常溫和，敏感肌的人使用應該也還不錯喔～不過使用前
Neogence 霓淨思,玻尿酸保濕水平衡滲透乳,2025/07,6,這款玻尿酸保濕滲透乳液使用起來質地清爽、不黏膩 塗抹後肌膚立刻感受到水潤感，保濕效果能維持一整天，非常適合乾性或混合偏乾肌膚使用。 乳液無香精成分，對氣味敏感的人也能安心使用。 我屬於肌膚偏敏感的類型，實際使用下來沒有出現任何刺癢或泛紅現象，溫和不刺激。搭配日常護膚步驟，能有效提升肌膚含水量，讓肌膚看
SOFINA 蘇菲娜,iP 輕瑩高效美容防曬乳(03光透亮) skin care UV protector 03 brightening SPF50+ PA+++,2025/07,6,謝謝 @cosme 和 SOFINA提供試用，這次體驗兩款防曬乳 ★ SOFINA iP 輕瑩高效美容防曬乳 01 混合乾 ★ SOFINA iP 輕瑩高效美容防曬乳 03 光透亮老實說，現在台灣的夏天紫外線真的太誇張， 防曬絕對是日常保養中不可少的步驟！ 能在這種季節收到防曬試用品真的超開心～ 而且
SOFINA 蘇菲娜,iP 輕瑩高效美容防曬乳(03光透亮) skin care UV protector 03 brightening SPF50+ PA+++,2025/07,6,精簡評論：包裝精簡且方便攜帶，潤色效果不明顯，但使用感受極佳且不粘膩，與後續底妝沒有打架的情況 近日膚況：兩頰乾燥、嚴重會有小脫皮和白屑，平時很少化妝、討厭粘膩感的化妝或防曬品這次很開心能抽到試用SOFINA 蘇菲娜 iP 輕瑩高效美容防曬乳(03光透亮) ！ 防曬力有SPF50+ PA++很讓人期
SOFINA 蘇菲娜,iP 輕瑩高效美容防曬乳(03光透亮) skin care UV protector 03 brightening SPF50+ PA+++,2025/07,6,產品特色：光透亮的修飾美容防曬乳，擦上有提亮效果，氣色變得比較好看，真的有較自然偽素顏的感覺，很適合平日懶人用，而且不黏膩、不油、不泛油光、不死白～很舒服的感覺 號稱定時定量下，可以用2.5個月，超級省的 只有早上擦＋用量就是直徑一公分的圓，但我鐵定會超過這個量，我的臉比較大～非常怕曬黑 產品觸感
SOFINA 蘇菲娜,iP 輕瑩高效美容防曬乳(03光透亮) skin care UV protector 03 brightening SPF50+ PA+++,2025/07,5,"在UR這邊都抽不到,很開心在花王的平台抽到試用!!! 一直都滿喜歡SOFINA的產品滿多款產品對我這油肌來說都還滿適合的這款美容防曬乳可作為隔離或妝前乳使用! 我拿到的03光透亮(不知道為什麼手拍起來好黑~~~^^"")推開在臉上後,無色透明 但確實會有違為提亮的效果 不會是那種油光感!對我來講就會比較"
SOFINA 蘇菲娜,iP 輕瑩高效美容防曬乳(03光透亮) skin care UV protector 03 brightening SPF50+ PA+++,2025/07,7,首先依舊感謝 @cosme 提供的試用機會 試用產品:SOFINA 蘇菲娜「iP 輕瑩高效美容防曬乳(03光透亮)」 一直以來都很喜歡SOFINA的產品，也是多年該品牌的愛用者，特別是防曬已經愛用多年，所以抽中試用真的特別開心，慣例先附上產品照瓶身一如既往的質感，瓶身背面貼心建議一次的使用量， 防曬
SOFINA 蘇菲娜,iP 輕瑩高效美容防曬乳(03光透亮) skin care UV protector 03 brightening SPF50+ PA+++,2025/07,6,一直都蠻喜歡SOFINA的保養產品，也用過SOFINA的妝前乳、粉底等，都是好用、價格又親民的高CP值產品！對於防曬這部分我很重視，因為每天做好防曬，才能預防肌膚老化、曬傷、曬黑、曬紅等狀況，才能維持好的膚況，否則一切的保養都是白搭🥺我個人比較不喜歡層層疊疊塗抹太多層，因此會喜歡有防曬+提亮一次到位的
SOFINA 蘇菲娜,iP 輕瑩高效美容防曬乳(03光透亮) skin care UV protector 03 brightening SPF50+ PA+++,2025/07,5,首先感謝Urcosme 跟Sofina一起舉辦的體驗活動 而且一次給兩條相似的產品 讓我可以直接比較一下！真貼心～ 產品包裝很簡約～而且小小一條隨身攜帶很方便！ 01和03兩個產品的差別蠻大的 但是味道上卻很相似～有一種淡淡的花香！洋甘菊（？） 不像其他品牌有一種濃郁的味道，這款淡香很舒服 01是水感
SOFINA 蘇菲娜,iP 輕瑩高效美容防曬乳(03光透亮) skin care UV protector 03 brightening SPF50+ PA+++,2025/07,4,感謝 @cosme 及 Sofina 提供的試用機會！ 我算是 Sofina 的老客戶，過去常購入的是他們的妝前乳系列，這次試用的是 iP 輕瑩高效美容防曬乳(03光透亮)，瓶身蠻簡約的，比較像乳液或洗面乳的設計，它是乳液狀質地，蠻好推勻的。 跟之前產品相比特別的是，這款的香味非常明顯，有濃郁的香
SOFINA 蘇菲娜,iP 輕瑩高效美容防曬乳(03光透亮) skin care UV protector 03 brightening SPF50+ PA+++,2025/07,5,商品外觀 介紹 ˙全日透亮光澤，洋甘菊Chamomile ET、甘草酸衍生物添加，達到滋潤肌膚與柔嫩膚觸。 ˙「光采雲母粉體」添加，修飾暗黑瑕疵，一抹潤飾保持素肌般的晶透光澤。 ˙植萃菁華添加，打造水潤透亮肌。 ˙質地輕盈、貼合肌膚且不黏膩。 ˙可作為隔離乳、粧前乳使用，粧感更服貼。 心得 感謝c
SOFINA 蘇菲娜,iP 輕瑩高效美容防曬乳(03光透亮) skin care UV protector 03 brightening SPF50+ PA+++,2025/07,5,本次很榮幸可以參與Sofia輕瑩高效美容防曬乳-03 光透亮 之前沒有使用過同品牌相關的產品 但平常有使用防曬乳的習慣 也喜歡有遮瑕、潤色效果的產品擠出來是像這樣的乳狀 瓶身後方有標示建議用量 （但我好像擠多了😆） 質地是很好推勻的乳狀 我是在清水洗完、擦乾臉後就直接塗抹於全臉和頸部 滋潤效果好，但
SOFINA 蘇菲娜,iP 輕瑩高效美容防曬乳(03光透亮) skin care UV protector 03 brightening SPF50+ PA+++,2025/07,6,第一次抽到urcosme的試用產品，是SOFINA 的輕瑩高效美容防曬乳(03 光提亮)。 擠出的乳液是乳白色，質地比乳液在濃稠一點，塗在皮膚上沒有潤色效果，很好抹開。 雖然成分含有物理性防曬的ZINC OXIDE氧化鋅，但塗在臉上沒有泛白的情況，本身也沒有潤色功能，很適合夏天外出的時候疊擦。 尤其這
SOFINA 蘇菲娜,iP 輕瑩高效美容防曬乳(03光透亮) skin care UV protector 03 brightening SPF50+ PA+++,2025/07,6,首先特別感謝cosme 以及 SOFINA蘇菲娜 讓我獲得了這次的正裝試用機會 使用SOFINA蘇菲娜輕瑩高效美容防曬霜（03光透亮） 收到之後隔天立刻開始長達14天的試用 從使用感來說，它的質地如同牛奶乳液般絲滑水潤 流動性強，非常好推開。 上臉後感覺特別輕薄，幾乎沒有存在感 完全不會對肌膚造成
SOFINA 蘇菲娜,iP 輕瑩高效美容防曬乳(03光透亮) skin care UV protector 03 brightening SPF50+ PA+++,2025/07,6,夏天最怕臉上脫妝土石流、浮粉不貼妝 所以不管春夏秋冬我一定一定會使用妝前乳 尤其夏天最怕用到不適合的妝前乳 第一次使用Sofina iP的輕瑩高效美容防曬乳03光透亮 可以當成隔離乳、妝前乳使用，使妝感更服貼 擠出來是白色乳液狀 植萃精華添加所以聞起來的味道很舒服，淡淡的香氣，打造水潤透亮肌 包裝上很
SOFINA 蘇菲娜,iP 輕瑩高效美容防曬乳(03光透亮) skin care UV protector 03 brightening SPF50+ PA+++,2025/07,7,這次體驗了iP 輕瑩高效美容防曬乳(03光透亮) 也是第一次體驗這個品牌的產品 結果超出我的期待 這款防曬跟02款混合油 iP 輕瑩高效美容防曬乳完全不一樣 擠出來是乳狀的 但是非常好推開延展性很高 每天上班前都會擦這條 它在臉上會形成一種霧感 有一點上底妝的感覺，但是很輕透 但是肌膚就是有一種修飾的
SOFINA 蘇菲娜,iP 輕瑩高效美容防曬乳(03光透亮) skin care UV protector 03 brightening SPF50+ PA+++,2025/07,5,基本資料 • 膚質：油性 • 使用季節：南部夏天 質地感受 • 高防曬係數，質地滑順不黏膩，延展性普通；滋潤但對油性肌也不會過於油膩，觸感舒適，擦完再上妝也不會起屑。 • 擦完有保濕感但不油，也完全不會泛白，提亮效果「還好，沒有非常明顯」 • 軟管包裝方便攜帶，旅行或外出時攜帶無負擔 •
SOFINA 蘇菲娜,iP 輕瑩高效美容防曬乳(03光透亮) skin care UV protector 03 brightening SPF50+ PA+++,2025/07,5,這次收到了兩款待在高雄非常非常需要的東西!!! 我固定都用某金色防曬因為高雄真的熱到不防曬會變黑人 但因為金色防曬價格較高 也是一直再找能替代的開架產品 這次收到了兩款都實際使用各5天 感受差蠻多的 這款的話是感受非常非常好的 可能跟另一款有個對比 這款我蠻喜歡的 也是之後會想回購的產品 擠出來不會很
SOFINA 蘇菲娜,iP 輕瑩高效美容防曬乳(03光透亮) skin care UV protector 03 brightening SPF50+ PA+++,2025/07,2,我可能不會愛你系列😭 前情提要：我是混合偏油肌 底妝使用粉餅 不知道為什麼跟我的皮膚就是很打架的一個產品 一開始是將她當成防曬的步驟所以有先擦保濕精華、乳液才上這個防曬 結果超級難推勻 不管怎麼推除了會起屑以外還會有一些白白的推不開😣 非常影響後續上妝XD 後來洗完臉就直接用 起屑的狀況比較沒有
SOFINA 蘇菲娜,iP 輕瑩高效美容防曬乳(03光透亮) skin care UV protector 03 brightening SPF50+ PA+++,2025/07,4,試用品容量10g，03光透亮色調 非常大方的容量提供 讓人可以有充足的份量好好體驗 質地是有點厚實的乳液狀 本身帶有光采雲母粉體 所以目測質地像是白色，但實際上有點珠光白 淡淡的香氣充斥其中，不影響使用 怕味道過香者，不用擔心 很好推勻開來，肌膚呈現乾爽的感受 但因為畢竟是防曬的關係 仔細體驗還是有微
SOFINA 蘇菲娜,iP 輕瑩高效美容防曬乳(03光透亮) skin care UV protector 03 brightening SPF50+ PA+++,2025/07,6,謝謝SOFINA 蘇菲娜和Cosme抽中我試用 iP 輕瑩高效美容防曬乳(03光透亮) iP 輕瑩高效美容防曬乳(03光透亮）是正品30g❤️ SPF50++++ 可以針對暗沉或有痘疤瑕疵的肌膚給予皮膚更透亮， 而且記得防曬乳的量一定要夠，我都大概用一個50元的硬幣大～尤其是像額頭、鼻樑、兩頰還有耳
SOFINA 蘇菲娜,iP 輕瑩高效美容防曬乳(03光透亮) skin care UV protector 03 brightening SPF50+ PA+++,2025/07,6,首先我要非常的感謝SOFINA讓我抽到這一次「輕瑩高效美容防曬乳，色號03光透亮&色號01混合乾」。真的沒有想到我這次抽到獎項的時候，我剛好整個六月都出國了，這是我第一次沒有在期限內填寫回覆使用心得，真的很抱歉，也很緊張會影響到之後的抽獎資格～～我五月底就出國，6月27號才到台灣，剛好就是截止
SOFINA 蘇菲娜,iP 輕瑩高效美容防曬乳(03光透亮) skin care UV protector 03 brightening SPF50+ PA+++,2025/07,5,這次試用SOFINA 蘇菲娜 輕瑩高效美容防曬乳(03 光提亮）和 輕瑩高效美容防曬乳(01 混合乾)，圖中左邊比較有乳霜感的是03光提亮，右邊比較有水乳感的是01混合乾。03的質地比較濃稠，像是乳霜，擦這款的妝前保養我會選用比較水狀的精華液，避免太濃稠，之前用到不適合的精華液，會跟03的質地打架起屑
SOFINA 蘇菲娜,iP 輕瑩高效美容防曬乳(03光透亮) skin care UV protector 03 brightening SPF50+ PA+++,2025/07,5,這次要分享的是輕盈高效美容防曬乳 03 光透亮，它的防曬系數與01 混合乾一樣，質地略有不同 以下圖片左邊👈是03，右邊👉是01 很明顯擠出來的質地可以感覺01偏水、03比較稠快速推開01部分很快變透明，03要推一下才會看不到白色乳液感，更有防曬乳的感覺😆兩款內含的成分大致相同，03額外添加「光采雲
SOFINA 蘇菲娜,iP 輕瑩高效美容防曬乳(03光透亮) skin care UV protector 03 brightening SPF50+ PA+++,2025/07,6,之前很多人推SOFINA的隔離乳，於是剛好前段時間買了「水潤瓷效妝前隔離乳」，覺得蠻好用的，沒想到這次剛好有機會試用他們的防曬～顏色為乳白色，建議用量為1cm圓形的量，每天早上使用大約可以用2.5個月。相較「01混合乾」質地沒有這麼水潤，但還是很好推勻。 主打「光采雲母粉體」及植萃菁華添加，擦起來有
SOFINA 蘇菲娜,iP 輕瑩高效美容防曬乳(03光透亮) skin care UV protector 03 brightening SPF50+ PA+++,2025/07,6,真的非常感謝cosme和SOFINA iP提供這次試用的機會 這次一口氣抽到了2罐防曬乳 分別是輕盈高效美容防曬乳01混合乾正品30g(價值720元) 輕盈高效美容防曬乳03光透亮正品30g(價值720元) 現在台灣的夏天紫外線都超標 能在當季抽到防曬類真開心 而且2罐的係數都是SPF50＋ PA＋＋
SOFINA 蘇菲娜,iP 輕瑩高效美容防曬乳(03光透亮) skin care UV protector 03 brightening SPF50+ PA+++,2025/07,6,這次收到 SOFINA 蘇菲娜 iP 輕瑩高效美容防曬乳(03光透亮) 的試用 包裝簡約 實品小巧很適合外出攜帶但應該也很快就可以使用完畢 帶有一點珠光色的輕乳霜質地伴隨著一些花香味 很好推勻不黏膩 擦完後有一點點不明顯的珠光感 但臉部光澤有提亮的效果可作為妝前乳或是淡妝打底使用 整體表現
SOFINA 蘇菲娜,iP 輕瑩高效美容防曬乳(03光透亮) skin care UV protector 03 brightening SPF50+ PA+++,2025/07,5,很開心抽到這次的試用 對Sofina的印象在小時候接觸化妝品時就一直知道的品牌 一般開價的控油妝前乳一般款和潤色款、日本特別款甚至黑色超級控油款都買過！目前都還在服役中呢！ 能夠抽到真的特別開心 這次適用商品 輕瑩高效美容防曬乳(03 光提亮) 輕瑩高效美容防曬乳(02 混合油) 這兩款防曬而且單價頗
SOFINA 蘇菲娜,iP 輕瑩高效美容防曬乳(03光透亮) skin care UV protector 03 brightening SPF50+ PA+++,2025/07,7,直接結論，今夏最值得嘗試的防曬。 幸運夏天抽到防曬產品， 而且是口碑不錯的SOFINA。 輕盈高效美容防曬乳-光透亮外觀：包裝清新簡單。很有夏日風情。 瓶身軟管設計，口徑大小適中。 很喜歡日系品牌都有建議使用量的圖示， 讓使用者輕鬆掌握。質地：滑順偏乳液質地，味道是防曬乳帶點淡淡清香。官方說是海洋
SOFINA 蘇菲娜,iP 輕瑩高效美容防曬乳(03光透亮) skin care UV protector 03 brightening SPF50+ PA+++,2025/07,5,"很開心，這次能試用sofina的產品, 從學生時期就喜歡用它的妝前乳。這次試用的品項是輕瑩高效美容防曬乳02混合油跟03光透亮，兩個產品不只外觀不同，連質地也是完全的不一樣。 03光透亮是軟管式的瓶身，我的用量是幾出兩顆黃豆的大小，質地是膏狀的，但是很好推開有潤色提亮的效果，讓肌膚看起來有光澤。但是"
SOFINA 蘇菲娜,iP 輕瑩高效美容防曬乳(03光透亮) skin care UV protector 03 brightening SPF50+ PA+++,2025/07,6,謝謝@cosme提供的試用機會，這次來體驗SOFINA 蘇菲娜的「 iP 輕瑩高效美容防曬乳(03光透亮)」（左邊那條）先放個質地的照片，完全沒有流動性，上臉很快就能抹勻了。 介紹中提到「修飾暗黑瑕疵」這部分沒到很有感，不過上臉後的確會有點透光感，跟後續底妝也是不打架的類型！ 一開始有點擔心太滋潤，
SOFINA 蘇菲娜,iP 輕瑩高效美容防曬乳(03光透亮) skin care UV protector 03 brightening SPF50+ PA+++,2025/07,7,很開心抽到體驗品✨ 要試用的商品是 SOFINA 蘇菲娜「iP 輕瑩高效美容防曬乳(03光透亮)」 我高中就很喜歡買他們家的飾底乳 真的很好用 保濕水凝霜也是回購數百次了😂 所以這次抽到也是馬上不猶豫的直接上臉使用 爬了一下文 3號是預防色斑有美白的效果 可以當素顏霜❤️ 我自己混合肌擦起來是覺
SOFINA 蘇菲娜,iP 輕瑩高效美容防曬乳(03光透亮) skin care UV protector 03 brightening SPF50+ PA+++,2025/07,7,很開心@cosme和SOFINA 蘇菲娜讓我有機會體驗產品-輕瑩高效美容防曬乳(03 光提亮)它的防曬係數為 SPF 50+ PA++++ 我本身是油性肌膚，使用起來很清爽、質地輕盈很好推勻、可以修飾臉部暗黑瑕疵、讓肌膚更晶透光澤 我目前的妝容都是SOFINA 蘇菲娜03光透亮和02混合油交替使用
SOFINA 蘇菲娜,iP 輕瑩高效美容防曬乳(03光透亮) skin care UV protector 03 brightening SPF50+ PA+++,2025/07,4,感謝 cosme，讓我抽到試用SOFINA iP 型號03號「光透亮」防曬乳（SPF50+ PA++++），SOFINA iP 系列，一直是我滿好奇的產品之一，之前在店面試用過它們的保養品，很水潤好推抹，唯一缺點，價格不算便宜，這次抽到試用它們防曬商品，滿開心的：） 這款主打光透亮，沒有一般iP給
SOFINA 蘇菲娜,iP 輕瑩高效美容防曬乳(03光透亮) skin care UV protector 03 brightening SPF50+ PA+++,2025/07,6,很開心可以獲得 SOFINA 蘇菲娜「輕瑩高效美容防曬乳(03 光提亮)的試用，本身就是SOFINA的愛用者，多年來都有在使用SOFINA的保養品及彩妝品，有用過SOFINA的控油妝前乳、粉底及粉餅等等，每一款都是好用且CP值高的產品！ 輕瑩高效美容防曬乳(03 光提亮)： 帶有一股淡淡的香氣，質地
SOFINA 蘇菲娜,iP 輕瑩高效美容防曬乳(03光透亮) skin care UV protector 03 brightening SPF50+ PA+++,2025/07,5,感謝@cosme及SOFINA提供的試用機會 這次拿到的商品是 輕瑩高效美容防曬乳-光透亮 SPF50+ PA++++ 這系列主打植萃保養就很吸引人 如其名 因為有添加光采雲母粉體 和植萃菁華 真的上臉後有驚豔 試用五天覺得這款薄透 不黏膩 用了也沒有過敏 整天下來 在這冷氣房加室外走出去就開始
SOFINA 蘇菲娜,iP 輕瑩高效美容防曬乳(03光透亮) skin care UV protector 03 brightening SPF50+ PA+++,2025/07,6,"謝謝@cosme提供本次試用的機會，原本看包裝以為會是粉紅色的，沒想到竟也是一般白色。 容量比預想的少是30g,不過對於我這個愛嘗試各種防曬的人來說是個優點~但是說明書顯示一條可以用2.5個月。 用在臉上非常服貼也不會泛白到面具臉，雖然我喜歡物理防曬，但物理防曬不塗粉底的話很容易面具臉。然後沒有特別有"
SOFINA 蘇菲娜,iP 輕瑩高效美容防曬乳(03光透亮) skin care UV protector 03 brightening SPF50+ PA+++,2025/07,7,謝謝@COSME給我這次的試用機會 這次試用的是SOFINA iP 的輕盈高效美容防曬乳 共兩款03光透亮及02混合油 SOFINA的防曬乳一直都很有名 品牌也不斷再進步升級 SOFINA iP 立足於皮膚科學 以誰都可以負擔得起的價格 提供可以安心使用 且能提升素肌質感的肌膚保養品 這款是03光透
SOFINA 蘇菲娜,iP 輕瑩高效美容防曬乳(03光透亮) skin care UV protector 03 brightening SPF50+ PA+++,2025/07,5,包裝有畫出一張臉所需要的用量，我覺得這是一個蠻貼心的服務，畢竟防曬的使用量也關係到整體的防曬效果，太多太少都會影響使用的感覺，照著擠就不會錯了😂 質地比較滋潤、像乳霜，擦完會有保養的感覺 比較適合乾性肌膚或秋冬使用，也很適合當妝前乳，我的皮膚素顏時比較蠟黃，防曬乳擦上去時有點淡淡紫色乳液，像是在較正
SOFINA 蘇菲娜,iP 輕瑩高效美容防曬乳(03光透亮) skin care UV protector 03 brightening SPF50+ PA+++,2025/07,6,很高興這次收到試用 我很喜歡試不同的防曬品這次的防曬我覺得很清爽 很好推開 非常不悶熱 味道也不是傳統防曬的味道 加了花草精華 很香 味道非常舒服 主打透亮但是我可能試用的時間不夠長 沒什麼特別感覺 但是我願意回購^^ 夏天用完全OK 完全不黏膩 但是非常飽水 很保濕的感覺 這真的很棒 防曬同時順便保
SOFINA 蘇菲娜,iP 輕瑩高效美容防曬乳(03光透亮) skin care UV protector 03 brightening SPF50+ PA+++,2025/07,3,感謝Ur給予試用機會 平常很喜歡sofina的產品 很開心得到適用防曬乳的機會 本身膚質油性 這款商品偏保濕滋潤 質地比較濃稠需要細心推勻 用完會覺得皮膚有點黏黏的 不太喜歡 沒想到擦在身上整個大起屑!!! 用量也沒有特別多也沒特別搓 抹勻過一下發現手上都是白白的屑屑QQ 剛剛再一次試用發現過度摩
SOFINA 蘇菲娜,iP 輕瑩高效美容防曬乳(03光透亮) skin care UV protector 03 brightening SPF50+ PA+++,2025/07,6,很幸運抽到試用SOFINA iP的這款03號「光透亮」防曬乳，此款防曬乳具備SPF50+、PA++++的高防曬係數，還添加了光采雲母粉體，使用時視覺上有霧化黑斑、提亮膚色的柔焦效果，膚色會看起來比較均勻、有自然的明亮感，肌膚像加上一層柔光濾鏡，使整體膚質呈現乾淨透亮。 延展性方面雖不如01號的水感質
SOFINA 蘇菲娜,iP 輕瑩高效美容防曬乳(03光透亮) skin care UV protector 03 brightening SPF50+ PA+++,2025/07,2,跟別人買小樣來用的 泛白：算潤白 沒那麼白的誇張 修飾膚色 可以接受 （手指紋不會卡明顯白白的） 起屑：會 身體、臉 都會 黏膩感：會有 但算沒那麼黏 存在感：有 偏一點厚重
SOFINA 蘇菲娜,iP 輕瑩高效美容防曬乳(03光透亮) skin care UV protector 03 brightening SPF50+ PA+++,2025/07,4,實際使用下來覺得質地很輕盈、非常好推勻，塗上去也不會有很多防曬會有的明顯的泛白感。整體塗上臉的感受是很舒服很清透的，而且這一款是無色的，所以不會影響後續上底妝。 只是發現了一個比較大的問題，是我用起來他會起屑（如附圖）我覺得比較適合在當天只想要清爽的塗防曬不要傷其他底妝的狀況下來使用。但我的毒藥可能是
SOFINA 蘇菲娜,iP 輕瑩高效美容防曬乳(03光透亮) skin care UV protector 03 brightening SPF50+ PA+++,2025/07,6,這款防曬乳擠出來是沒有流動性的乳液狀，但一樣很容易推開，有添加洋甘菊Chamomile ET、甘草酸衍生物，對乾肌來說是剛剛好的保濕感，讓肌膚有種自然的明亮感，最讓我驚豔的是內含「光采雲母粉體」添加，本身有膚色不均、蠟黃的困擾，用完修飾效果很好，後續搭配霧面粉底液也能增加底妝的光澤感，非常適合當隔離霜
SOFINA 蘇菲娜,iP 輕瑩高效美容防曬乳(03光透亮) skin care UV protector 03 brightening SPF50+ PA+++,2025/07,5,乳液狀擦完不泛白，提亮效果較不明顯 比較像是讓妳的皮膚有個自然透亮的感覺 塗到最後會漸漸收乾，摸起來不油、不黏 擦完也不會覺得手很油想趕快跑去洗手 整體感受用起來是一支偏清爽的防曬 質地上很適合做為妝前防曬使用，不會影響後續上妝 如果不上妝單純防曬，皮膚也能透出自然光澤且不死白 然後這支可以只用洗面乳
SOFINA 蘇菲娜,iP 輕瑩高效美容防曬乳(03光透亮) skin care UV protector 03 brightening SPF50+ PA+++,2025/07,6,很高興這次有機會可以試用SOFINA的新款防曬乳液，我拿到的試用品是透明款，也就是沒有顏色的。在上完化妝水，及乳液後，我就擦上防曬，從照片中可以看出來，防曬本身質地細膩，塗在臉上不會太油膩，防曬效果佳，擦完防曬後，有擦粉底液並上蜜粉。最近天氣很熱，氣溫一直在36度左右，即使室內室外進進出出，也沒脫妝。
SOFINA 蘇菲娜,iP 輕瑩高效美容防曬乳(03光透亮) skin care UV protector 03 brightening SPF50+ PA+++,2025/07,6,感謝@cosme這次的試用品 剛好最近在看防曬乳❤️ 擠出來是乳白色 也沒什麼怪味重點是非常好推開也沒什麼黏膩感 非常好吸收（？）在臉上沒什麼存在感 很清爽的感覺🥹 之前用過很多牌子都會黏黏的 夏天真的很不舒服😭 擦完之後感覺肌膚亮了一點點🤏後續上氣墊之後也不會打架 非常喜歡 推薦給大家👍 （以上都
SOFINA 蘇菲娜,iP 輕瑩高效美容防曬乳(03光透亮) skin care UV protector 03 brightening SPF50+ PA+++,2025/07,7,這款防曬乳真的讓我非常驚喜！質地清爽不粘膩，擦上臉後完全沒有厚重或油膩感，肌膚看起來還會透出自然光澤，整體妝感更加服貼有精神。最讓我滿意的是，連續在戶外活動幾天，肌膚依然沒被曬黑，防曬力真的很強！而且我有搭配底妝使用，完全不會起屑或打架，跟粉底液也能完美融合。不論單擦或當妝前防曬都很適合，是目前用過最
SOFINA 蘇菲娜,iP 輕瑩高效美容防曬乳(03光透亮) skin care UV protector 03 brightening SPF50+ PA+++,2025/07,4,Sofina ip輕瑩高效美容防曬 防曬容量小巧輕便，方便攜帶 03光透亮 SPF 50+ PA++++ 成分光采雲母粉體 能夠修飾暗沉肌膚 洋甘菊成分舒緩 預防曬紅 瓶身設計比較不一樣 是用擠壓式的 擠出來出來偏膏體 塗抹開不會太黏膩，上完後也感覺有一層保護膜 修飾的效果沒有很明顯 跟02對比其實
SOFINA 蘇菲娜,iP 輕瑩高效美容防曬乳(03光透亮) skin care UV protector 03 brightening SPF50+ PA+++,2025/07,5,味道好聞，好塗開，好推勻，不起屑很加分，質地是乳液狀態，不黏膩，吸收速度算快，沒有膜感有保濕效果，不拔乾，最重要就是真的有提亮效果，一些遮瑕效果，整體還不錯，但是容量就比較精緻，不化妝的時候很好用，直接就可以整體提亮、又有防曬功能，氣色會整個明亮很多，適合懶懶的時侯，方便使用，目前沒有悶黏起痘的問題。
SOFINA 蘇菲娜,iP 輕瑩高效美容防曬乳(03光透亮) skin care UV protector 03 brightening SPF50+ PA+++,2025/07,5,令人聞風喪膽的夏天來囉！不怕這次有蘇菲娜陪我們抵抗。這款光透亮版本可以讓我們皮膚自然潔白，上妝就可搭配，還可以讓妝感服貼，另外很棒的是成份採用植物萃取，用起來無負擔又很放心，這幾次用下來都沒有什麼問題，重點是很好推開，不會一塊塊白白的，味道也是少女系很舒服的狀態，包裝輕盈好攜帶，我出遊都會帶上！價格超
SOFINA 蘇菲娜,iP 輕瑩高效美容防曬乳(03光透亮) skin care UV protector 03 brightening SPF50+ PA+++,2025/07,7,很榮幸獲得這次的試用體驗機會 SOFINA輕瑩高效美容防曬03 光透亮 剛擠出管身 還以為會是厚重的質地 沒想到一塗抹開來就能感受到它的輕盈 上臉後會訝異它既不悶熱也不黏膩 甚至還因為添加了「光彩雲母粉體」而對肌膚瑕疵有所修飾！ 夏天若不是追求超無瑕的妝面 大可以直接使用這款防曬再加上慣用的蜜粉稍微定
SOFINA 蘇菲娜,iP 輕瑩高效美容防曬乳(03光透亮) skin care UV protector 03 brightening SPF50+ PA+++,2025/07,7,感謝cosme給我這次機會試用防曬乳，首先，包裝很精美，也很方便撕開包裝，它的味道有一點點香，塗在手背上可以明顯的看出有潤色效果，而且皮膚會變得有一點油亮，我推測是可以良好的起到保濕作用，防曬乳可以在皮膚上快速的塗抹開來，並且，顏色顯得自然，用量也算是比較省的，我通常習慣擦薄薄一層，所以，目前30 g
SOFINA 蘇菲娜,iP 輕瑩高效美容防曬乳(03光透亮) skin care UV protector 03 brightening SPF50+ PA+++,2025/07,6,感謝這次有被抽到！SOFINA iP 輕瑩高效美容防曬乳（03 光透亮）質地輕盈、不黏膩，上臉後完全沒有厚重的負擔感，超適合夏天使用。擦起來有自然透亮的潤色效果，氣色會瞬間提升，看起來像天生好膚質一樣。它兼具防曬與潤色功能，出門趕時間時只擦這瓶就夠了，真的很方便。持妝力也不錯，不容易泛油或脫妝，適合日
SOFINA 蘇菲娜,iP 輕瑩高效美容防曬乳(03光透亮) skin care UV protector 03 brightening SPF50+ PA+++,2025/07,6,光透亮這個詞乍聽之下就是混合油肌在夏天擦防曬乳的大忌，尤其是汗水加防曬乳的雙重黏膩攻擊...感覺就很可怕，但這款光透亮防曬擦了意料之外的輕透乾爽，乾的速度快，也不會有過分的黏膩感，夏天使用很合適，且因為標榜的光透亮，在陽光下也有著相當的美顏修飾效果，作為出門在外的飾底乳也不錯，總之是一款混油肌友善，蠻
SOFINA 蘇菲娜,iP 輕瑩高效美容防曬乳(03光透亮) skin care UV protector 03 brightening SPF50+ PA+++,2025/07,6,超級感謝@cosme提供的試用品~~ 今年夏天真的超級熱 一直都在尋找好用的防曬 這款算是輕薄好推~ 不太會黏膩，這點很棒!! 因為我超怕臉黏到不行 而且防曬係數也很夠! 不過真的還是要幾個小時補擦一下 可能要長時間觀察看看有沒有曬黑>< 但整體來說真的是不錯 推可以回購!! 下次也會想試
SOFINA 蘇菲娜,iP 輕瑩高效美容防曬乳(03光透亮) skin care UV protector 03 brightening SPF50+ PA+++,2025/07,5,夏天的季節抽到SOFINA 輕瑩高效美容防曬，有SPF50+ PA++++的防曬力 添加「光彩雲母粉體」修飾和黑瑕疵，質地輕盈、貼合肌膚且不黏膩 因為也有添加洋甘菊、甘草酸衍生物等也可以在保養後當最後一個步驟，均勻塗在全臉，也能作為隔離霜、妝前乳使用 夏季好好防曬，預防紫外線，也是保護肌膚的一個方式
Neogence 霓淨思,玻尿酸保濕水平衡賦能精華,2025/07,4,Neogence 霓淨思-玻尿酸保濕水平衡精華化妝水 推薦指數⭐️⭐️⭐️3.8 150ml/NT800元 保濕度⭐️⭐️⭐️⭐️⭐️ 在春夏交替使用，保濕力夠 嫩滑度⭐️⭐️⭐️3 美白度⭐️1 延展性⭐️⭐️⭐️⭐️4 香味⭐️⭐️⭐️⭐️4 其實沒啥香味 但也不臭就是 ↓ ↓ ↓ ↓
Neogence 霓淨思,玻尿酸保濕水平衡賦能精華,2025/07,7,皮膚要漂亮，除了睡眠飲食外 清潔保濕防曬缺一不可 但是保濕常常差這麼一點🤏 不是太悶太油潤，不然就是不夠保濕 沒用過霓淨思也聽過這品牌美名 剛剛好就抽中保濕系列組合 夏天怕黏膩怕悶很需要❤️ 組合內容： 玻尿酸保濕水平衡精華化妝水 玻尿酸保濕水平衡賦能精華/主商品 玻尿酸保濕水平衡滲透乳 **除超強
Neogence 霓淨思,玻尿酸保濕水平衡賦能精華,2025/07,7,這次試用的是Neogence 霓淨思「玻尿酸保濕水平衡賦能精華」 【產品說明】 水嫩澎亮，超越原生肌 #保濕小藍瓶 *全新撼動極效水平衡配方，搭載依克多因+B3及B5+永久花幹細胞，外注水、內涵水，極大化肌膚水能量，水嫩澎亮，超越原生肌。 *保濕權威再升級，5重玻尿酸打造極效水平衡配方，串起水分供應鏈
Neogence 霓淨思,玻尿酸保濕水平衡賦能精華,2025/07,6,這次抽到Neogence 霓淨思「玻尿酸保濕水平衡賦能精華」，炎熱夏天反而容易因為未做好保濕而有出油情形，品牌也提供正品容量試用十分大方，產品成分主打搭載依克多因+B3及B5+永久花幹細胞，並添加玻尿酸，產品介紹中上述成分的重點如下： *5重玻尿酸：保濕新高度 *依克多因：專櫃醫美成分，環狀胺基酸結構
Neogence 霓淨思,玻尿酸保濕水平衡賦能精華,2025/07,2,謝謝@cosme及 Neogence霓淨思提供本次試用產品。 Neogence 霓淨思「玻尿酸保濕水平衡賦能精華」#保濕小藍瓶 *全新撼動極效水平衡配方，搭載依克多因+B3及B5+永久花幹細胞，外注水、內涵水，極大化肌膚水能量，水嫩澎亮，超越原生肌。 *保濕權威再升級，5重玻尿酸打造極效水平衡配方，串
Neogence 霓淨思,玻尿酸保濕水平衡賦能精華,2025/07,5,感謝@cosme和Neogence提供正品試用 本篇試用的是【玻尿酸保濕水平衡賦能精華】包裝盒上貼心的保養步驟 但是保養品拿出來後誰還留盒子呢？ 【官方介紹】 水嫩澎亮，超越原生肌 #保濕小藍瓶 ● 全新撼動極效水平衡配方，搭載依克多因+B3及B5+永久花幹細胞，外注水、內涵水，極大化肌膚水
Neogence 霓淨思,玻尿酸保濕水平衡賦能精華,2025/07,4,首先感謝@cosme和Neogence提供的試用品 這次拿到的是玻尿酸保濕水平衡系列 話說我發現我跟霓淨思好有緣 這已經是我開始在@cosme寫心得後 第四次抽到試用品了～根據官方介紹 玻尿酸保濕水平衡賦能精華有以下特點 ● 全新撼動極效水平衡配方，搭載依克多因+B3及B5+永久花幹細胞，外注水、內涵
Neogence 霓淨思,玻尿酸保濕水平衡賦能精華,2025/07,5,感謝@cosme與霓淨思提供整組玻尿酸系列給試用！我今年跟霓淨思好有緣啊抽到的試用產品幾乎都是霓淨思，多到快成為霓淨思鐵粉了早上晚上用的都是霓淨思XD真的很感謝！ 水精華乳霜一整組，超級有誠意！這篇先來寫寫精華液的部分囉。官方商品介紹： 水嫩澎亮，超越原生肌 #保濕小藍瓶 ●全新撼動極效水平衡配方，
Neogence 霓淨思,玻尿酸保濕水平衡賦能精華,2025/07,4,📍霓淨思-玻尿酸保濕水平衡賦能精華 🔸我的膚況：夏天☀️中偏乾肌 長時間待在冷氣房 會肌膚感到缺水 需要保濕產品來支持 市面上的保養品真的非常多 從開價到專櫃 我覺得每一個小點都可能是這個商品能不能讓我回購的決定點 📍玻尿酸保濕水平衡賦能精華 🔸質地：有流動性但微有65分左右的稠度 上臉之後等待
Neogence 霓淨思,玻尿酸保濕水平衡賦能精華,2025/07,6,感謝@cosme及Neogence 霓淨思給我這次試用的機會 不得不提Neogence 霓淨思給的試用產品給的非常大方 化妝水+精華+保濕霜一套完整保養一次滿足 而且都是正品容量~超棒的~再次感謝 之前也用過他們家的產品也都蠻不錯的 這邊分享的是保濕精華 瓶身是透明漸層藍色玻璃瓶裝瓶子的設計真的很美
Neogence 霓淨思,玻尿酸保濕水平衡賦能精華,2025/07,6,很開心能收到@cosme的試用品，是玻尿酸保濕水平衡賦能精華的正貨以前剛在市場上看到Neogence這個品牌時，主打的產品就是玻尿酸原液，這些年品牌發展出了很多系列的玻尿酸產品，也可以感受到質地有越來越優化。寫心得前上Neogence的官網，發現現在品牌總共有五款保濕精華液，足見品牌在保濕精華液這個領
Neogence 霓淨思,玻尿酸保濕水平衡賦能精華,2025/07,6,之前用過霓淨思的美白精華就對這家很有好感，剛好夏天來了，臉白之外也要保濕，這款玻尿酸保濕水平衡賦能精華是我用過玻尿酸精華液中最保濕的💧包裝水藍藍的很可愛，滴管也很好使用喔～這款精華液很多很棒的成分，像是專櫃級成分依克多因、五重玻尿酸、B3、B5、永久花幹細胞，聽起來都是很能讓肌膚乖乖不要鬧泛紅鬧乾燥的
Neogence 霓淨思,玻尿酸保濕水平衡賦能精華,2025/07,5,謝謝@cosme & Neogence提供本次試用機會！ 從大學開始就是霓淨思的愛用者，很開心這次可以抽到霓淨思新品💖💖💖 玻尿酸保濕水平衡賦能精華 質地有點稠度，延展度好 沒有香味，成分相對單純，很適合簡單保養 唯一個人感受上持保留態度的是，上臉後會有點潤澤感，每個人接受度可能不同～ 我的
Neogence 霓淨思,玻尿酸保濕水平衡賦能精華,2025/07,6,非常感謝@cosme和Neogence提供此次的試用機會 已經用過蠻多霓淨思的產品了 這次能收到整組試用真的很開心🥰 ｜ Neogence 霓淨思 玻尿酸保濕水平衡賦能精華 ｜這個藍色漸層感的玻璃瓶身真的超美～完全打中我💘 很夏天、海洋的配色😍 是我很喜歡的滴管設計， 用量很好拿捏透明稠稠的精華液質
Neogence 霓淨思,玻尿酸保濕水平衡賦能精華,2025/07,5,竟然是霓淨思!!!!! 打開包裝先被瓶身的漸層藍吸引，包裝很美，也不會太重! 打開瓶身，瓶蓋上的白色吸管可以吸取想要的量，用量上非常好控制。 用量上也不易造成浪費。滴取適量放於臉上，質地較滋潤許多， 剛開始推勻時，會讓人有點擔心是否對於南部天氣太負擔 稍微推勻四到五下後，精華液慢慢吸收時，可以感受到皮
Neogence 霓淨思,玻尿酸保濕水平衡賦能精華,2025/07,7,感謝抽中Neogence 霓淨思的玻尿酸保濕系列， 包括了玻尿酸保濕水平衡精華化妝水、玻尿酸保濕水平衡賦能精華以及玻尿酸保濕水平衡潤澤霜。 我自己還去購買了玻尿酸保濕滲透乳液 就是要凑一套……@@ 水潤感，需要按摩，吸收快，使用起來會有一點點的涼感，剛好在炎熱的夏天，皮膚涼涼舒服～ 化妝前，使
Neogence 霓淨思,玻尿酸保濕水平衡賦能精華,2025/07,7,感謝@cosme讓我體驗到Neogence 霓淨思的「玻尿酸保濕水平衡賦能精華（保濕小藍瓶）」💕！ 保濕小藍瓶的質地呈稠狀 內含.... *維他命B3及B5：穩定肌膚，改善泛紅，加強修護角質屏障 *永久花幹細胞：使天然保濕因子活化，讓保水度+++ *依克多因：環狀胺基酸結構的專櫃級高效醫美成分，有效提
Neogence 霓淨思,玻尿酸保濕水平衡賦能精華,2025/07,7,"感謝有機會適用「霓淨思-玻尿酸保濕水平衡賦能精華」 外包裝簡單素淨，精華是做成滴管式，每次來上幾滴，不沾手不滋生細菌。 產品主打 *全新撼動極效水平衡配方搭載依克多因+B3及B5+永久花幹細胞、外注水、 內涵水,極大化肌膚水能量 水嫩澎亮,超越原生肌。 *保濕權威再升級 5重玻尿酸打造極效水平衡配方"
Neogence 霓淨思,玻尿酸保濕水平衡賦能精華,2025/07,5,Neogence 霓淨思【玻尿酸保濕水平衡賦能精華】 ☆☆☆官方主打☆☆☆ 水嫩澎亮，超越原生肌 #保濕小藍瓶 *全新撼動極效水平衡配方，搭載依克多因+B3及B5+永久花幹細胞，外注水、內涵水，極大化肌膚水能量，水嫩澎亮，超越原生肌。 *保濕權威再升級，5重玻尿酸打造極效水平衡配方，串起水分供應鏈，
Neogence 霓淨思,玻尿酸保濕水平衡賦能精華,2025/07,4,這次收到的是霓淨思的玻尿酸系列 有化妝水、精華液跟乳液 精華液瓶身設計蠻漂亮亮的 是漸層藍，看到就知道是保濕產品 乳液是霧面真空壓瓶，可以看到還剩多少 我覺得這一系列的產品味道聞起來就是原料味 沒聞到香精的味道 使用起來很溫和，不會刺激皮膚 現在是春夏交際，氣候悶熱潮濕，但是早晚偏涼 我現在是混合偏
Neogence 霓淨思,玻尿酸保濕水平衡賦能精華,2025/07,4,超感動這次抽到的是愛牌霓淨思的新品！😍 一次三瓶正品幾乎包了平常保養全套流程👍🏻平時服役的是極透光亮白淡斑精華，A醇兩瓶剛用完還沒補貨🤓（就知道我是霓淨思鐵粉了） 這次新品是玻尿酸保濕水平衡賦能精華 試用期間先把淡斑精華暫時放在一旁 瓶身超美的藍色漸層，不得不說他們家的包裝是醫美品牌中我最喜歡的☺️
Neogence 霓淨思,玻尿酸保濕水平衡賦能精華,2025/07,4,過去錢妃對Neogence 霓淨思的接觸僅限於其眾多的片狀面膜 其中N7系列是錢妃的最愛 就連婚禮前自身和親友團的保養都交給它了 在這樣的好印象下，錢妃對這次Neogence 霓淨思 玻尿酸保濕系列的體驗期待也相當地高 這款Neogence 霓淨思 玻尿酸保濕水平衡賦能精華 質地偏濃稠，甚至稍微會
Neogence 霓淨思,玻尿酸保濕水平衡賦能精華,2025/07,4,"一整組的霓淨思試用起來最有感的是""穩定膚況"" 試用條件：期間3周，早晚皆會使用，視情況有抽換搭配的保養品。 試用者膚況：混合肌，近期有偏油肌趨勢，無敏感、無酒糟 產品體驗：好推、用量省、無明顯香味、不好吸收膚感偏黏膩 有搭配使用的保養品：倩碧2號水楊酸化妝水、寶拉proA醛、寶拉珍選水楊酸精華液 這"
Neogence 霓淨思,玻尿酸保濕水平衡賦能精華,2025/07,7,結論：舒緩泛紅保濕有感 來源：感謝@cosme試用提供 使用期：約1.5週，產品功效【改善泛紅，穩定膚況】。 #本身屬於鼻油臉乾混合性肌膚，皮膚微過敏但對酒精不會，不易長痘長斑，毛孔稍微明顯，雙頰非常容易泛紅，過敏性黑眼圈眼睛易水腫# ＊是否有過敏現象→無任何不舒服的狀況 本次試用為品牌最新
Neogence 霓淨思,玻尿酸保濕水平衡賦能精華,2025/07,6,"感謝 @cosme 和 Neogence 提供這次的試用機會 這次體驗的是他們家的明星產品之一 ""玻尿酸保濕水平衡賦能精華"" 也就是大家熟悉的「保濕小藍瓶」 而且非常大方地一次提供一系列產品試用 超棒 這瓶主打的是極效水平衡保濕配方 裡面有5重玻尿酸、依克多因、維他命B3+B5和永久花幹細胞 從補水、"
Neogence 霓淨思,玻尿酸保濕水平衡賦能精華,2025/07,6,感謝cosme及Neogence霓淨思提供這次試用的機會！ 一次試用一整組很棒！ 這款精華主打極效水平衡配方，搭載5重玻尿酸、依克多因、維他命B3+B5以及永久花幹細胞，從外注水到內鎖水，全方位提升肌膚保濕力與穩定度。 個人的使用感受如下： 質地：透明無色的精華液，流動性很好，滴管設計方便取用，一次
Neogence 霓淨思,玻尿酸保濕水平衡賦能精華,2025/07,7,Neogence 霓淨思玻尿酸保濕水平衡賦能精華內含多重玻尿酸、神經醯胺、維他命 B5， 主打高效補水與肌膚屏障修護。 Neogence 霓淨思玻尿酸保濕水平衡賦能精華質地偏水感，非常清爽， 塗抹後幾乎瞬間吸收，完全沒有黏膩感，即使在夏天使用也毫無負擔。Neogence 霓淨思玻尿酸保濕水平衡賦能精華
Neogence 霓淨思,玻尿酸保濕水平衡賦能精華,2025/07,6,謝謝@Cosme和Neogence霓淨思體驗玻尿酸保濕水平衡系列🥰 說到霓淨思是我第一個接觸的醫美品牌，相對比較好入手醫美品牌，以科學實證為依據，秉持嚴謹態度與實證精神，從之前接觸過玻尿酸系列就很喜歡，溫和清爽好吸收～ ✔️玻尿酸保濕水平衡精華化妝水—強化注水、啟動保濕💦 澳洲野生玫瑰茄➕法國翡
Neogence 霓淨思,玻尿酸保濕水平衡賦能精華,2025/07,4,疊加在化妝水後，保濕效果更加分的精華液。 目前因孕期膚況混合偏油，以往夏天還是要有帶有油質成分的保養品，今年真的簡單化妝水+精華就很夠用。 精華液偏濃稠，是稍微會牽絲的膠水感（？）。建議在前一步化妝水還有點濕潤度的時候就趕快上，不然會覺得還沒推開就開始有點乾掉了。有測試徒手跟美容儀兩種方式。 美
Neogence 霓淨思,玻尿酸保濕水平衡賦能精華,2025/07,7,首先先感謝霓淨思跟@cosme給予此次的試用體驗機會。這次體驗的是三項玻尿酸保濕水平衡系列產品：精華化妝水、賦能精華跟潤澤霜，讓人一次體驗整套的使用感覺。 本身的肌膚是乾燥肌膚，其實整套使用起來，以保濕效果來說，個人覺得是有非常明顯保濕效果，而且在這種春夏交替的不穩定時節來說，保濕效果還蠻出色的，也
Neogence 霓淨思,玻尿酸保濕水平衡賦能精華,2025/07,6,膚況：毛孔粗大、缺水、肌膚暗沉 天氣：30度C、悶熱 首先感謝@cosme及霓淨思提供這次試用機會~~ 官網資訊 -5重玻尿酸打造極效水平衡配方，串起水分供應鏈，開創保濕新高度． -依克多因，專櫃級高效醫美成分，分環狀胺基酸結構，抵禦脫水因子，有效凝聚水分，提高水合力。 -維他命B3+B
Neogence 霓淨思,玻尿酸保濕水平衡賦能精華,2025/07,5,感謝Urcosme和Neogence 霓淨思提供試用「玻尿酸保濕水平衡賦能精華」的機會！平常會使用Neogence 霓淨思的海洋友善防曬跟面膜，但化妝水、精華液跟乳霜倒是第一次體驗 試用給的是正品容量使用起來真的是沒在客氣的，也因此能有更完整的體驗質地如照片所示，蠻好吸收，裡面添加了五重玻尿酸跟維他命
Neogence 霓淨思,玻尿酸保濕水平衡賦能精華,2025/07,5,謝謝@cosme讓我有機會體驗Neogence 霓淨思 玻尿酸保濕水平衡賦能精華🎉 精華本身採取滴管的設計，第一次使用不確定用量，所以採取少量多次的進行，本身精華質地的流動度算中等，不是非常黏稠厚重行的質地，抹上臉後，有感受到一定的飽水度，但上臉後要後續抹乳液的話，需要再等待個5~10分鐘，不然臉上
Neogence 霓淨思,玻尿酸保濕水平衡賦能精華,2025/07,5,首先感謝@cosme及霓淨思提供此次的試用機會(◍•ᴗ•◍)✧*。 今天要開箱的是霓淨思 玻尿酸保濕水平衡賦能精華藍色漸層的瓶身 讓我誤以為精華本身是藍色的🤣 • 外觀：半透明 微透白色 • 質地：偏稠 流動性中等 好推勻 用量省 （大約1-1.5滴就能擦全臉 不建議擦太多 會有點黏） • 味道：無
Neogence 霓淨思,玻尿酸保濕水平衡賦能精華,2025/07,6,很高興這次能試用到霓淨思的產品❤️ 之前也都會自己購買他們家的面膜使用 所以這次能試用產品非常高興😁 精華液顏色跟一般的精華液差不多 使用上也很好塗抹 用在臉上吸收的很快 也不會覺得黏膩 沒有奇怪的香料味 有觀察到有使用精華液 會抑制出油的狀況👍🏻 若未來有需要購買精華液的需求也會考慮此產品☺️
Neogence 霓淨思,玻尿酸保濕水平衡賦能精華,2025/07,4,主打「水嫩澎亮，超越原生肌」的保濕小藍瓶。極效水平衡配方，搭載 1.依克多因（有效凝聚水分，提高水合力）2.維他命B3及B5（修護角質屏障，改善泛紅不適，穩定膚況）3.永久花幹細胞（活化天然保濕因子） 不得不說瓶身的顏值真的很高，流動性挺好的一款精華，有一定的保濕程度但不至於粘膩。但我在連續使用三天後
Neogence 霓淨思,玻尿酸保濕水平衡賦能精華,2025/07,6,感謝@cosme的試用 霓淨思是台灣很有名的醫美保養品牌 以前就用過霓淨思的保濕乳液 沒想到這次這麼有緣可以抽獎到名額！ 這次抽到的這個玻尿酸保濕水平衡賦能精華 除了原本的玻尿酸 還添加了高效醫美成分 依克多因 來抵禦脫水因子 讓保濕能力更上層！！！ 還添加了B3、B5能修護角質屏障改善泛紅
Neogence 霓淨思,玻尿酸保濕水平衡賦能精華,2025/07,4,Neogence 霓淨思-玻尿酸保濕水平衡賦能精華（中） 和化妝水一樣的感受只是比較稠，擦在臉上需要按摩才吸收，黏膩感比較重，在沒有開冷氣的狀態下，覺得夏天或許較不適合，因為我不太喜歡黏黏的感覺，蠻適合乾肌的朋友，我屬於混合肌就覺得有點稍微黏。 用完一整套身為混合肌的我認為不太適合在正夏天使用，是
Neogence 霓淨思,玻尿酸保濕水平衡賦能精華,2025/07,5,Neogence 霓淨思玻尿酸保濕水平衡賦能精華用起來真的很舒服！質地清爽不黏膩 很快就吸收了擦完肌膚感覺馬上變得比較水潤 像是幫肌膚喝飽水一樣 連續使用幾天 覺得乾燥脫皮的狀況有改善 妝前擦也不會起屑 最喜歡的是保濕力很穩定 不會白天水嫩、晚上又乾 是一瓶讓人會想回購的安心保養品 你會想拿來天天用的
Neogence 霓淨思,玻尿酸保濕水平衡賦能精華,2025/07,6,這次有幸試用了 Neogence 霓淨思的玻尿酸保濕系列， 包括了玻尿酸保濕水平衡精華化妝水、玻尿酸保濕水平衡賦能精華以及玻尿酸保濕水平衡潤澤霜。 作為乾肌或混合肌的我，對於保濕產品的需求非常高 這款精華質地輕盈且迅速吸收，特別適合需要額外滋潤的肌膚。 使用後，肌膚的水油平衡明顯改善，乾燥脫皮
Neogence 霓淨思,玻尿酸保濕水平衡賦能精華,2025/07,7,最近使用 Neogence 霓淨思新推出的玻尿酸保濕水平衡賦能精華約兩週，整體感受不錯。霓淨思是台灣本土的醫美保養品牌，以專業實驗室背景和穩定成分著稱，這次新產品主打油水平衡保濕，剛好符合我目前膚況需求。夏季常待在冷氣房，室內外溫差大，肌膚容易出現T字部位出油、兩頰偏乾的問題。這瓶精華質地清爽好吸收，
Neogence 霓淨思,玻尿酸保濕水平衡賦能精華,2025/07,5,非常感謝Urcosme讓我有這個機會體驗-- Neogence 霓淨思「玻尿酸保濕水平衡賦能精華」包裝--透明漸層藍色的玻璃瓶，有質感。質地--透明微稠狀的液體。 味道--無香味。 感受（本身膚質是混合偏乾）--用量省、保濕度高，不會感到厚重或有黏膩感，使用後皮膚較有光澤感，感受還不錯，推薦給大家
Neogence 霓淨思,玻尿酸保濕水平衡賦能精華,2025/07,5,感謝Urcosme這次抽到Neogence 霓淨思 玻尿酸保濕水平衡賦能精華試用商品~ 已經有使用過好幾次他們家的商品，可說是品質保障！ (本人肌膚是混和偏油，兩頰外油內乾) 本人在挑化妝水都是精挑細選，試用很多就只有幾個可以 一開始先試用在手上，流動性好，好推勻，無香味 自己偏油肌，上臉後過了一段時
Neogence 霓淨思,玻尿酸保濕水平衡賦能精華,2025/07,6,很開心可以收到霓淨思的玻尿酸保濕水平衡賦能精華的試用！這款精華液的質地是介於水狀與凝露之間的透明液體，非常清爽，塗抹在臉上不會感到厚重或黏膩，延展性與吸收速度都很優秀。對我這種混合偏乾、T字容易出油的人來說，這樣的精華既保濕又清爽，非常難得。 在使用這款精華期間，我的膚況明顯變得比較穩定。就連連續熬
Neogence 霓淨思,玻尿酸保濕水平衡賦能精華,2025/07,5,"這次收到【霓淨思】玻尿酸保濕水平衡賦能精華 夏天天氣悶熱, 皮膚都會亂作怪, 這款主打極效水平衡配方，促進滲透，強化注水。 添加維他命B3+B5，修護屏障，改善泛紅不適。 應該很適合我這夏天皮膚也會乾燥到令人焦躁的皮膚, 這款我使用上蠻省的, 一滴就可以擦拭全臉, 產品本身沒有任何香精"
Neogence 霓淨思,玻尿酸保濕水平衡賦能精華,2025/07,7,感謝@cosme及Neogence霓淨思讓我有機會試用 「玻尿酸保濕水平衡精華化妝水」、「玻尿酸保濕水平衡滲透乳」、「玻尿酸保濕水平衡賦能精華」 這次好霸氣直接三瓶都是正貨👍👍👍真的好開心 首先是精華化妝水 質地偏水、沒有什麼味道 塗抹在肌膚上還蠻好吸收蠻清爽 再來是精華液 質地比化妝水稠
Neogence 霓淨思,玻尿酸保濕水平衡賦能精華,2025/07,6,感謝@cosme以及 霓淨思「玻尿酸保濕水平衡賦能精華」讓我有機會試用產品效果❤️ 這瓶是輕盈凝露狀的質地，延展性很好，推開後很快就吸收，沒有黏膩感。塗完之後肌膚摸起來是柔嫩又清爽的觸感，完全不會悶！ 目前我連續使用一週，上妝前用它打底，妝感服貼度大提升，而且一整天下來比較不會脫皮或浮粉～ 使用方
Neogence 霓淨思,玻尿酸保濕水平衡賦能精華,2025/07,6,剛好前陣子我從綠島回來 肌膚處於非常需要補水的狀態 霓淨思玻尿酸系列就是我最需要的 我印象中很久之前就用過這系列了 這次試用玻尿酸保濕水平衡賦能精華比我印象中更保濕 瓶身簡約有質感，不輸專櫃~! 擠出來的質地是露狀的，延展性非常好 我覺得夏天使用非常適合! 吸收後不會黏膩， 還是有保水的感覺 裡面含
Neogence 霓淨思,玻尿酸保濕水平衡賦能精華,2025/07,5,感謝cosme和霓淨思給予試用機會， 精華的說明 極效水平衡配方，促進滲透，強化注水。 ◎5重玻尿酸，串起水分供應鏈，開創保濕新高度。 ◎依克多因，抵禦脫水因子，凝聚水分，提高水合力。 ◎維他命B3+B5，修護屏障，改善泛紅不適。 ◎永久花幹細胞，活化天然保濕因子，重現涵水力。 使用過幾次霓淨
Neogence 霓淨思,玻尿酸保濕水平衡賦能精華,2025/07,7,✨ 使用天數：8天 ✨ 肌膚：混合性偏油 ✨ 使用狀況：早/晚皆使用，上妝無產生白屑等情況 使用Neogence霓淨思玻尿酸保濕水平衡賦能精華（#保濕小藍瓶）後，肌膚感受上水潤不油膩，保濕效果良好，作為偏油性肌膚的人，這款精華的質地對我來說非常適合，不會讓肌膚感覺負擔或黏膩，吸收迅速，每次使用後都覺
Neogence 霓淨思,玻尿酸保濕水平衡賦能精華,2025/07,4,[Neogence 霓淨思]玻尿酸保濕水平衡賦能精華， UR試用。 謝謝UR的試用， 台灣的醫美保養品牌 ♥ 保濕小藍瓶， 商品說明提到內含專櫃級高效醫美成分環狀胺基酸結構， 抵禦脫水因子， 有效凝聚水分， 提高水合力； 添加維他命B3+B5， 修護角質屏障， 改善泛紅不適， 穩定膚況， 加強修
Neogence 霓淨思,玻尿酸保濕水平衡賦能精華,2025/07,5,非常感謝@cosme讓我抽中Neogence 霓淨思「玻尿酸保濕水平衡賦能精華系列」試用商品乙組，此篇心得是講「玻尿酸保濕水平衡賦能精華」 瓶身是非常漂亮的藍色漸層，內容物是有點微稠的精華液，並沒有什麼味道 我個人是混合偏油肌，這幾日北部溫差大，待在室內也有28度，不知道Neogence 霓淨思「
Neogence 霓淨思,玻尿酸保濕水平衡賦能精華,2025/07,5,最近天氣變化多端，忽冷忽熱的，不過我持續在使用 Neogence 霓淨思玻尿酸保濕水平衡賦能精華。它的保濕效果確實不錯，質地偏滋潤，有一點微黏的觸感（個人比較不愛這種黏感😅）。但當天氣較乾，膚況較缺水的時候，我會把它混進粉底液裡一起上妝，底妝會直接巴在臉上😆，後續再用蜜粉定妝，原本的黏膩感就幾乎就沒這
Neogence 霓淨思,玻尿酸保濕水平衡賦能精華,2025/07,7,感謝cosme與霓淨思提供此次試用機會 這次收到的是一整個玻尿酸保濕水平衡系列，有化妝水、精華、乳液，一天基本的保養全到位。 玻尿酸保濕水平衡賦能精華 先來說一下瓶子，開箱之後拿出精華液，好夢幻的顏色，不得不說有被包裝給吸引到。 質地濃稠 化妝水後，將精華分別滴在臉頰及額頭上，再慢慢抹開，很好推
Neogence 霓淨思,玻尿酸保濕水平衡賦能精華,2025/07,5,感謝霓淨思一次提供三罐產品🙏 很幸運可以優先體驗新品😍😍😍玻尿酸保濕水平衡精華化妝水（左） 玻尿酸保濕水平衡賦能精華（中） 玻尿酸保濕水平衡潤澤霜（右） 精華液的質地比化妝水再更稠一些 有點類似膠狀的感覺 上臉後有明顯的保濕潤澤感 需要一點時間按摩才會完全吸收～ 使用一週後皮膚保水度有比較提升 偶爾
Neogence 霓淨思,玻尿酸保濕水平衡賦能精華,2025/07,6,精華使用時機為妝前保養，秋冬容易妝後兩頰乾燥，會多擦層精華幫助提升保濕。無添加香味的透明精華，結合五重玻尿酸、依克多因、維他命B3、維他命B5與永久花幹細胞。 清爽無油膩感精華，抹於臉部容易吸收，延展度佳。塗抹後接續底妝，妝感服貼度提升。 這款保濕力好，肌膚補充足夠水分後，就不會有乾燥緊繃感。持續
Neogence 霓淨思,玻尿酸保濕水平衡賦能精華,2025/07,6,之前換季臉乾到不行，就入手了 霓淨思水平衡玻尿酸精華。 質地水潤清爽，擦上去很好吸收，不會黏膩。 用了幾週下來，明顯覺得膚況穩定很多，早上起床不再覺得臉乾緊繃，化妝也比較服貼。 價位大概七八百，說真的不算貴但也不便宜，對小資族來說算是可以接受但會期待有優惠。 希望哪天寶雅能推出買一送一活動，這樣就
Neogence 霓淨思,玻尿酸保濕水平衡賦能精華,2025/07,6,很開心這次抽到霓淨思玻尿酸保濕水平衡賦能精華 之前就是霓淨思愛用者～ 平易近人的價格，醫美等級效果的保養品！😍 霓淨思的每個產品味道都很淡，給人天然純淨的感覺 也確實使用起來不會刺激、敏感👍 我的使用步驟是將化妝水倒在化妝棉上擦拭全臉 再來擦精華液，然後是乳液 精華液及乳液都是倒在手心，雙手推開搓熱後
Neogence 霓淨思,玻尿酸保濕水平衡賦能精華,2025/07,6,剛好在出國前收到一組的保養品 索性就帶出國了 有化妝水、精華、乳霜 剛好可以測試一下在乾爽的日本 是不是能夠hold住我這個混和偏乾肌 現在日本也是非常炎熱的溫度 只是因為偏乾 所以不太會流汗這款主打保濕 正好適合我 精華的質地沒有到非常濃稠 還是帶點水潤感 推開之後偏清爽 沒有黏膩感 滴管設計
Neogence 霓淨思,玻尿酸保濕水平衡賦能精華,2025/07,6,這瓶精華給我的第一印象就是：吸收好快！質地是清爽型的，帶一點凝露感，但擦起來完全不黏，早晚使用都很舒服。香味不會有香精味太重的感覺，幾乎是無香的。 使用一週後我覺得膚況穩定很多，兩頰原本常會有乾乾緊繃感，現在摸起來比較柔軟、保濕感維持得久。妝前使用也不會起屑，後續保養吸收力很好。雖然它的保濕是比較清
Neogence 霓淨思,玻尿酸保濕水平衡賦能精華,2025/07,6,首先感謝@Cosme及Neogence 提供的試用機會 玻尿酸保濕水平衡賦能精華 保濕小藍瓶！ 主打成分搭載 「依克多因」環狀胺基酸結構，抵禦脫水因子 有效凝聚水分，提高水合力 「維他命Ｂ３＋Ｂ５」修護角質屏障，改善泛紅不適 穩定膚況，加強修護力 「永久花幹細胞」活化天然保濕因子，重現涵水力
Neogence 霓淨思,玻尿酸保濕水平衡賦能精華,2025/07,4,感謝cosme讓我有機會體驗Neogence 霓淨思【玻尿酸保濕水平衡賦能精華】 Neogence 霓淨思【玻尿酸保濕水平衡賦能精華】 瓶身漸層藍，很漂亮😍 炎炎夏日使用覺得黏膩，如果在秋冬季節使用可能使用的感受會比較準確。保濕與改善泛紅部分覺得普通，沒有特別有感，產品沒有不好也沒有特別好，可能乾燥
Neogence 霓淨思,玻尿酸保濕水平衡賦能精華,2025/07,5,"感謝@Cosme及Neogence 霓淨思提供「玻尿酸保濕水平衡賦能精華」這款玻尿酸保濕水平衡賦能精華瓶身顏色好美 看了都心動~~~ 這款玻尿酸保濕水平衡賦能精華主打保濕 成分有B3及B5能修復泛紅不適肌膚,穩定膚況,加強保護力 產品沒有香味的 需要搭配按摩慢慢吸收 最近皮膚比較敏感使用後減少泛紅"
Neogence 霓淨思,玻尿酸保濕水平衡賦能精華,2025/07,5,這次試用的是「Neogence霓淨思保濕水平衡精華化妝水」、「Neogence霓淨思玻尿酸保濕水平衡賦能精華」及「Neogence霓淨思玻尿酸保濕水平衡潤澤霜」三樣產品，剛好使用時是換季的時候，通常換季會特別乾癢的肌膚，這次擦了這個似乎沒出現乾到脫皮的狀態，肌膚都有好好地維持潤澤水潤。在使用時，原本會
Neogence 霓淨思,玻尿酸保濕水平衡賦能精華,2025/07,5,有稠感的精華液，流動性很高， 搭配整套保濕化妝水後接著一起使用 精華液很快就吸收了，感受度上蠻清爽的， 不會有黏膩感，用完後覺得肌膚蠻透亮水嫩的， 保濕度上感受覺得不到非常保濕， 因為本身是乾性肌膚， 但覺得蠻適合現在正要夏天的悶熱天氣， 如果是冬天使用的話可能保濕度會較不夠， 沒有任何的香味，穩定肌
Neogence 霓淨思,玻尿酸保濕水平衡賦能精華,2025/07,5,好開心可以用到還沒上市的產品😆 一直喜歡霓淨思這個牌子 因為本身有自費購買他們家1.8%A醇效果很好 而且是我們台灣的醫美保養品牌覺得使用上很安心 這罐添加現在很紅的B3 B5 及永久花幹細胞 保濕補水又有修復功能 因為目前有使用酸類和A醇還有口服A酸 皮膚很需要加強保濕 偶爾也會有脫皮情形及泛紅 這
Neogence 霓淨思,玻尿酸保濕水平衡賦能精華,2025/07,5,1. B3 + B5+ 玻尿酸 = 舒緩、修復、保濕 2. 基本款的保濕打底精華液， 成分簡單、只有原料味。 3. 好延展、吸收度中等， 酒糟混油肌使用過關，沒有不舒服， 但也不會明顯退紅。 沒有吹冷氣的情況下， 單用同系列化妝水
Neogence 霓淨思,玻尿酸保濕水平衡賦能精華,2025/07,6,很高興@cosme讓我試用到【霓淨思】玻尿酸保濕水平衡賦能精華！ 這款精華使用起來跟化妝水有點相似！只是比它更稠一點，使用完化妝水後加上精華可以在幫皮膚馬上補水🈵主要是不會油膩！而且更讓我的皮膚有一層保護膜，這點非常喜歡！ 這款保濕精華成分⬇️ ◎極效水平衡配方（與化妝水一樣） ◎5重玻尿酸（與化妝水
Neogence 霓淨思,玻尿酸保濕水平衡賦能精華,2025/07,7,Neogence 霓淨思玻尿酸保濕水平衡賦能精華使用起來微微微微黏，但吸收後不會有厚重感，整體清爽不悶，對混合肌很友善。使用期間沒有長痘或過敏，溫和不刺激，質地水潤好推開。沒有添加香料，只有淡淡的原料味，聞起來安心自然。保濕力表現穩定，後續搭配乳液使用，一整天肌膚都不乾燥，妝前使用也不會起屑或打架。長
Neogence 霓淨思,玻尿酸保濕水平衡賦能精華,2025/07,4,我是混合肌 T字部位容易出油 這幾天天氣非常的悶熱 悶熱潮濕的氣候很怕黏黏的保養品 Neogence 霓淨思「玻尿酸保濕水平衡賦能精華」 屬於非常保濕的精華 質地較濃稠 化妝水後覺得黏黏的 對我混合來說太過保濕，比較適合乾肌 霓淨思這次出的系列化妝水及精華我比較不喜歡 可能是乾肌的蜜糖 我是混合肌對我
Neogence 霓淨思,玻尿酸保濕水平衡賦能精華,2025/07,4,膚質：混合偏油，兩頰乾，T字油 質地：有一點稠度，些微流動性 氣味：無味，就是原本的味道 吸收度：需要一些時間才能吸收，微黏 使用期間：一週7天 心得：看BA圖的話可以看出泛紅的狀況有改善，一些小紅痘痘也有消下去，皮膚狀況有比較穩定。紅血絲的部分效果沒有太明顯，可能需要再更長期的使用才會有效果出現。整
Neogence 霓淨思,玻尿酸保濕水平衡賦能精華,2025/07,6,我的肌膚是混合肌偏乾，剛好我在使用玻尿酸保濕水平衡賦能精華時皮膚是處在乾到會痛但還不到脫皮的程度，第一次使用時有一點點刺刺痛痛的，隔天早上起來就會發現皮膚的狀況改善很多，不會再有缺水缺到痛的情況，更棒的是他很保濕但又不會跟我的底妝打架讓我非常開心。 個人覺得他非常適合在冷氣房使用，夏天辦公離開冷氣房真
Neogence 霓淨思,玻尿酸保濕水平衡賦能精華,2025/07,6,這次體驗很喜歡霓淨思的保濕小藍瓶（玻尿酸保濕水平衡賦能精華），在化妝水後使用～臉上也是吸收非常快，完全不會感到黏膩，是臉有一種滑順滋潤感，沒有香味使用起來也非常舒服！這一系列玻尿酸保濕商品一起使用，隔天覺得起來膚況很明亮，氣色好的感覺！尤其是夏天待在冷氣房，有時候白天晚上都在吹冷氣，有這罐保濕小藍瓶很
Neogence 霓淨思,玻尿酸保濕水平衡賦能精華,2025/07,7,Neogence 霓淨思玻尿酸保濕水平衡賦能精華是近期用起來很喜歡的一款保濕產品。它的水狀清透質地非常輕盈，搭配滴管使用也很方便，每次用量好掌握。推開後完全不黏膩，肌膚很快就能吸收，使用起來非常清爽舒服。保濕效果在使用初期特別明顯，肌膚會感覺澎潤水嫩，後續搭配乳液或面霜鎖水效果更佳。整體來說非常適合日
Neogence 霓淨思,玻尿酸保濕水平衡賦能精華,2025/07,7,"感謝@COSME與Neogence提供的試用機會! 先下結論，無論任何年齡、任何膚質，這種成分單純、保濕舒緩的急救組一定要備著一組! 即使對於皮膚有不同想加強的重點:凡舉美白、淡斑、拉提抗老等等， 皮膚狀況總是難免會有不穩定的時候，此時最需要的就是這種急救舒緩的產品。 但過去也用過一些""貌似保濕""、黏"
medicube,PDRN粉紅膠原凝膠爽膚棉,2025/07,(淺層體驗),這款PDRN粉紅膠原凝膠爽膚棉，我是昨天去2025美妝樂園試用到的商品！！剛好有報名到它們家的分享會，還是77老大的分享會👨～這次感覺更多東西可以試用！！開始前10分鐘就能先入座，還遇到網友su央😊很高興見到你喔！！💕開始前就看到前面擺了很多它們家的商品～這次我的重點不是美容儀，而是PDRN系列的保養
medicube,PDRN粉紅膠原凝膠爽膚棉,2025/07,6,這次試用的是medicube的一包兩片 試用品拿到的是5包， 外觀就是 爽膚棉的質地 圓形狀的 然後是淡粉紅色 兩片剛好敷在臉頰的兩邊拿到的試用品和 包裝內 精華液的 顏色展示如上面 精華液呈現的是比較深的粉紅色， 精華液沒有味道 摸起來質地有一點點稠狀 敷在臉上很好吸收👍👍🤘 因為這個爽膚棉片的成
medicube,PDRN粉紅膠原凝膠爽膚棉,2025/07,3,去年的美妝遊樂園雖然已經體驗過了， 在這邊就來分享一下！ 「medicube PDRN粉紅膠原凝膠爽膚棉」這一包是2入的包裝！ 當時是放在手上體驗，這一次直接上臉試用！ 必須得說，我覺得它不像其他爽膚棉， 拿起來後就直接擦拭可以很順手， 但有可能是這樣的試用包關係，我將棉片取出後， 的確
medicube,PDRN粉紅膠原凝膠爽膚棉,2025/07,6,medicube PDRN粉紅膠原凝膠爽膚棉 原本以為它只是化妝水棉片而已，沒想到用了以後超驚喜！真的非常適合混合肌，我只敷在雙頰就很夠保濕，敷片很薄，超服貼不會悶，精華不會太水、不會滴、也不會太黏。敷完剩下的精華還可以拿來擦手肘，完全不浪費。香味有一種很新鮮的莓果感，接受度不錯。敷完妝比較貼，也有光
medicube,PDRN粉紅膠原凝膠爽膚棉,2025/07,5,買的時候棉片和精華是分開的，蓋子裡有附夾子 要拆封使用時再把精華液倒進棉片盒裡 這樣也可以確保棉片是最新鮮的狀態 白白的棉片逐漸被粉色精華液給浸透一盒裡面總共有70張棉片 棉片兩面材質都是一樣的 沒有哪面粗哪面細緻 棉片比起以前的有比較薄 不過一樣親膚也不容易破 敷在臉上約5分鐘即可 精華液質地有點稠
medicube,PDRN粉紅膠原凝膠爽膚棉,2025/07,7,之前就一直對medicube的產品很有興趣！ 剛好前陣子看到團購優惠活動就趕快下手(*‘ v`*) 這罐PDRN粉紅膠原凝膠爽膚膜設計很貼心～打開來棉片跟精華是分開的！ 再倒入鮭魚PDRN之前 我先把棉片都剪成一半， 更方便在下巴額頭敷(ﾉ>ω
medicube,PDRN粉紅膠原凝膠爽膚棉,2025/07,6,Winnie感謝文主題心得～ PDRN爽膚棉是呱呱分享的愛❤️感恩❤️ 竟然直接分我半罐還幫我裝剛好在罐子裡， 是不是有夠貼心～ 回家洗澡完馬上貼兩片在臉上， 真的很輕薄很水潤， 而且在我取下來時一邊臉上竟然不小心拿成兩片⋯ 哎呀⋯薄到我拿兩片都沒感覺呢！ 所以一個晚上我竟用了3片， 敷完後我把剩下
medicube,PDRN粉紅膠原凝膠爽膚棉,2025/07,5,最近好愛這種韓式敷的棉片 而且這一款有99%的PDRN 我不管它是取自鮭魚的哪裡 反正只要讓我用起來順手、敷起來亮白有效 都讓我想要買單 這一款裡面的精華液得自己加入 所以打開蓋子看到裡面的棉片都是乾乾的 這包內含豐富PDRN精華液有120ml 我有想過買兩組，一包精華液倒入棉片盒內使用 另一包直接裝
medicube,PDRN粉紅膠原凝膠爽膚棉,2025/07,(淺層體驗),"[[接下來分享的心得，只供參考。不代表每個人都適合喔！！]] medicube-PDRN粉紅膠原凝膠爽膚棉 ＊只試用1小包(2片),分享當下的使用感受 產品本身為偏較薄的圓形棉片, 是真得很薄 可看到肌膚的那種透度.跟我手邊的棉片比,它比較不適合拿來當擦拭使用 比較適合局部敷臉使用. 它的味道還蠻香"
medicube,PDRN粉紅膠原凝膠爽膚棉,2025/07,4,這是去年購入美容儀內含的面膜，五片用完很久了拖到現在才寫心得^_^ 這0.5mm 超薄凝膠材質，使用起來精華液是非常飽滿，貼著去最其他事也不會掉下來，對我來說是真的很方便，這款標示可以代替妝前保養，但是我覺得是很保濕但稍有粘感，還是會擦拭掉再上妝～後續底妝是服貼的～ 天氣寒冷不想整臉被面膜冰到 我就
medicube,PDRN粉紅膠原凝膠爽膚棉,2025/07,(淺層體驗),感謝@cosme & medicube提供的試用機會 這次分享的試用品是PDRN粉紅膠原凝膠爽膚棉 跟我想像中的不太一樣，我以為會是一般那種厚的布棉，跟化妝棉一樣的那種 結果打開來，超級薄...這根本是面膜Q版了吧可能我比較少用韓系的保養，雖然這種爽膚棉好像在台灣也紅了一陣子 但因為如
medicube,PDRN粉紅膠原凝膠爽膚棉,2025/07,6,這次成功索取medicube PDRN粉紅膠原凝膠爽膚棉試用品 一份內有兩片 這品牌是很多人去韓國時都會帶回來的保養品， 索取試用包裡面有兩小圓形狀的薄片，我用來濕敷 我的兩頰，尺寸大小就和包裝一樣取出後可以感受到非常多精華液的濕敷棉片， 棉片的質地非常柔軟，帶有舒服的淡淡香味， 精華液不會特別黏
medicube,PDRN粉紅膠原凝膠爽膚棉,2025/07,5,這次美妝遊樂園medicube自成一區！ 主打的PD R N系列是粉紅色系， 我就問哪個女生能夠忍得住～～ 手寫小卡文案讓人覺得有溫度， 比起一般印刷的POP紙卡， 這樣的文宣會讓我眼睛一亮✨ 而且很大一瓶， 一盒裡面有70片，棉片一定少不了夾子， 再開口部分可以放置小夾子， 避免夾子無處可放～ 棉片
medicube,PDRN粉紅膠原凝膠爽膚棉,2025/07,4,之前也陸續拿過幾次棉片的試用 但我沒有特別喜歡用 不太符合我的使用習慣 但這幾年突然很紅 藥妝店有好多選擇而且大多數都是韓國品牌這次拿得的是medicube凝膠爽膚棉 一包兩面有兩小圓片 我沒有感覺到凝膠的質地 但是菁華液偏濃稠 淡淡的香味 他的棉片很薄只有0.5mm 可以很好的吸附菁華液 貼在臉上也
medicube,PDRN粉紅膠原凝膠爽膚棉,2025/07,(淺層體驗),感謝@cosme與medicube，讓我參與「PDRN粉紅膠原凝膠爽膚棉」VIP體驗活動！兩片輕薄柔軟的爽膚棉片，搭配桃粉色精華液，微微果香味。取出敷於兩頰靜置5分鐘，質地清爽無稠感，敷於兩頰成分溫和不具刺激。 爽膚棉觸感蠻特別的，有細密的洞孔幫助使用時透氣，雖然薄薄一片卻能吸附滿滿精華，不會立刻乾
medicube,PDRN粉紅膠原凝膠爽膚棉,2025/07,6,上個月的會員禮我選的是 medicube PDRN粉紅膠原凝膠爽膚棉 💗 一包裡面有兩片，會黏在一起，需要自己手動分開～我打開的時候還以為是少放一片🤣 它是輕薄透明的棉片，敷在臉上會有一點涼涼的感覺，服貼度不錯，也不會覺得悶。 精華液算是給得蠻足的，但不會滴得到處都是，整體濕潤感剛剛好。 味道方
medicube,PDRN粉紅膠原凝膠爽膚棉,2025/07,6,官網買東西的贈品~ 一包試用包有兩片棉片這款粉色棉片主打亮白皮膚 這款棉片材質是軟Q的凝膠 很薄才0.5mm很親膚 而且非常能貼合皮膚 官網介紹敷完這款皮膚可降溫8度！ 我自己實際使用也覺得超涼爽~ 且敷完皮膚超保水！ 保濕度真的很棒 也是真的有亮白感 只是吸收後臉摸起來會有點黏黏的喔 我目前是
medicube,PDRN粉紅膠原凝膠爽膚棉,2025/07,4,這款PDRN粉紅膠原凝膠爽膚棉 不少網友用完都說肌膚呈打光模式 摸起來也變得細緻滑順上妝服貼度默默加分👏🏻它的凝膠棉片做得很薄很貼 帶一點但粉色 敷上去幾乎沒存在感但水潤度很有感 精華液給得也不手軟一點淡淡莓果香 使用過程算是滿療癒的 可以當成日常補水💦 小缺點是 會覺得敷完稍微偏黏一點點 如果你是清
medicube,PDRN粉紅膠原凝膠爽膚棉,2025/07,(淺層體驗),只有一包試用 裡面兩片圓圓的類面膜 精華液 水稠水稠感 香香的 先敷雙頰 他寫敷五分鐘 大概4分時候有感覺緊緊的 微微的 五分拿下後 又沾裡面精華液再敷額頭跟下巴 額頭下巴就比較沒有緊緊的感覺 這類商品沒不好 但圓圓的就很多地方沒敷到 可能用成方形或長方形會好點 有點不懂他是歸類在面膜
medicube,PDRN粉紅膠原凝膠爽膚棉,2025/07,6,這款面膜很薄，但是精華液滿滿的 敷上去的感覺很舒服，而且很滋潤， 雖然他不是整個臉的面膜 但是敷完一個地方之後再繼續敷另外一個地方也是足夠的 敷完之後整個臉的滋潤度非常的充足 更令人驚艷的是隔天早上臉是透亮的，而且很保濕 所以這款面膜會讓人想要一再回購 我會願意再買回來試試看 而且也很適合那種局部加強
medicube,PDRN粉紅膠原凝膠爽膚棉,2025/07,7,感謝@comse讓我有機會可以試用到今年很夯的新品：MEDICUBE的PDRN粉紅膠原凝膠爽膚棉，我真的有被燒到，剛好這次有試用的機會，老天爺真的對我太好啦！ 雖然說是凝膠，但是是水狀的，不過上臉後不會滴下來，整個棉片非常服貼的巴在臉上，哪裡有問題就敷哪裡，真的很方便，雖然使用次數不多，但是真的有感受
medicube,PDRN粉紅膠原凝膠爽膚棉,2025/07,4,感謝網上提供的試用 這包試用品裡面有2片棉片 它是淡粉紅色的化妝水質地直接和直徑約8公分大的圓形棉片混合在一起 我洗完臉後把它當成濕敷的化妝棉片貼在兩頰來使用 化妝水質地的精華加得很足夠 濕敷完還可以把棉片拿來擦拭全臉和頸部 吸收速度很快，完全不黏膩 覺得保濕度提升，讓後續保養效果更好 如果廠商可以把
medicube,PDRN粉紅膠原凝膠爽膚棉,2025/07,5,很開心抽到「PDRN粉紅膠原凝膠爽膚棉 2pads」!!! 試用了三次左右，上面標示使用時間約五分鐘，但因為五分鐘過後整片爽膚棉仍然是非常濕潤，丟掉真的蠻可惜的，我大約敷10分鐘的，爽膚棉約8分乾才取下。 整包的精華液夠全臉使用，而且用後像膚了25ml的面膜這麼水潤！ 因為現在的季節約春末，如果有黏膩
medicube,PDRN粉紅膠原凝膠爽膚棉,2025/07,7,哇～這次剛好在農曆年前收到 VIP 索取的 medicube PDRN 粉紅膠原凝膠爽膚棉試用包，就直接帶去飯店使用。 打開裡面是 2 片裝，圓形的水感面膜棉片。 實際敷在臉上的感覺蠻不錯的，保濕度很夠，而且服貼度很好，不會有滑落的問題。 剛好那幾天人在中南部，天氣直接熱到快28度，用這種偏清爽
medicube,PDRN粉紅膠原凝膠爽膚棉,2025/07,(淺層體驗),medicube這款棉片我是旅遊急出門的時候直接帶著在路上使用的 我在臉乾淨的情況直接敷上 大約5分鐘後拿掉並擦拭整臉 整個肌膚有喝飽水的感覺 我覺得保濕程度很足夠 但又不會有悶或是厚重的感覺 試用當天我只在之後使用無色防曬混一點提亮液 直接上臉 感覺有比甚麼保養品都沒上直接上防曬來的好推 我自己使用
Neogence 霓淨思,玻尿酸水光保濕調理棉片,2025/07,2,最近1-2年韓國的棉片大夯，只要有人出國都會買個1盒， 之前也有試用過medicube「積雪草修護爽膚棉」感覺也很不錯! 一直以來對霓淨思的保濕精華都有不錯的印象，所以這次看到霓淨思也推出棉片覺得很期待! 首先感謝可以試用 Neogence 霓淨思「玻尿酸水光保濕調理棉片」 但不得不說..... 這次
Neogence 霓淨思,玻尿酸水光保濕調理棉片,2025/07,6,✨第一次用台灣品牌的保濕棉片，好有感！✨ 🐰最近天氣真的太熱，肌膚有點不穩定，保濕上更加不能偷懶。原本我都是使用韓國的棉片來加強保濕，這次是我第一次試用台灣本土品牌的保濕棉片，心裡還蠻期待會不會有小驚喜～🍰 🌿【產品介紹】 Neogence這款保濕棉片主打大、小分子玻尿酸，能層層補水，深入肌底。同
Neogence 霓淨思,玻尿酸水光保濕調理棉片,2025/07,4,Neogence這罐棉片是霧面的塑膠材質 看起來蠻有質感的 開蓋後蓋子上方有附卡夾子的地方 超級貼心的設計 但若夾子的方向放相反 夾子會卡不緊容易掉 我之前只有用過韓國品牌獨島的保濕棉片 所以用它作為比較 獨島的棉片厚度偏薄 有一面較細緻一面較粗糙 但說粗糙也沒有多粗糙 只是多了壓紋但也是算柔滑的
Neogence 霓淨思,玻尿酸水光保濕調理棉片,2025/07,6,今天使用的是Neogence 霓淨思【玻尿酸水光保濕調理棉片】 官方介紹主打的功能是多功能保養 包含加強保濕、舒緩與穩定膚況 所以這次心得會以評估這幾個主打功能有沒有達到我的期望為主~ 包裝整體是塑膠材質，裡面有附一個小夾子，這點在衛生上確實加分 不過夾子的設計其實沒有特別好用，就算我沒有移動容器，就
Neogence 霓淨思,玻尿酸水光保濕調理棉片,2025/07,5,這款玻尿酸水光保濕調理棉片，謝謝@cosme＆Neogence 霓淨思提供試用🙇‍♀️🙇‍♀️官網說明： 玻尿酸水光保濕調理棉片，專業居家SPA，享受護膚新體驗！居家SPA調理棉片，還原肌膚理想狀態！高效導入雙重玻尿酸，注水保水一次到位，積雪草苷閃電級瞬效舒緩，水潤無瑕隨時get！ 專業調理棉片，極速
Neogence 霓淨思,玻尿酸水光保濕調理棉片,2025/07,1,#6/26補充：包裝不佳，會漏液。罐子底部的精華液會黏黏的，建議底部放個東西墊底。 這幾年韓國帶起風潮，棉片變的超級熱門，早就想試試看類似產品，這次有機會體驗Neogence 霓淨思 玻尿酸水光保濕調理棉片蠻期待的。 棉片主打積雪草和玻尿酸成分，積雪草用在美妝保養品已是老面孔，可以很好的修復舒緩肌
Neogence 霓淨思,玻尿酸水光保濕調理棉片,2025/07,4,韓國的棉片保養已經流行一陣子了 但是我一直沒有下手買過 這次抽中了Neogence 霓淨思「玻尿酸水光保濕調理棉片」的試用活動 剛好可以跟上腳步來體驗看看棉片保養的世界~ 【產品說明】(內容為官方文案) 玻尿酸水光保濕調理棉片 專業居家SPA，享受護膚新體驗！ ●居家SPA調理棉片，還原肌膚理想狀
Neogence 霓淨思,玻尿酸水光保濕調理棉片,2025/07,6,很開心這次收到來自台灣品牌Neogence 霓淨思「玻尿酸水光保濕調理棉片」的試用， 棉片保養，應該源於韓國開始流行，過去也曾使用過韓系品牌的棉片～ Neogence 霓淨思「玻尿酸水光保濕調理棉片」一罐總共有80片， 裏頭含有大小分子雙重玻尿酸，主打長時間保濕，維持肌膚含水量， 另外，這款棉片還有
Neogence 霓淨思,玻尿酸水光保濕調理棉片,2025/07,5,是說…… 上次才說Neogence跟我很有緣 這次居然又抽到了 感覺我抽它們家特別容易中 感謝品牌和@cosme啦～ 這次抽到的是霓淨思「玻尿酸水光保濕調理棉片」 我雖然不是每天都會用棉片的人 但我陸陸續續也用了不少款式 而且我是從台灣都還沒有這個品項 大概10年前就在用了 當時還是從韓國網站上買的呢
Neogence 霓淨思,玻尿酸水光保濕調理棉片,2025/07,7,今天分享的是 Neogence霓淨思 今年夏天推出的新品 - 玻尿酸水光保濕調理棉片✨ 這次霓淨思推出的棉片共有兩款 一款是主打亮白的『維他命C淨膚亮白調理棉片』 另一款就是我這次體驗主打保濕的『玻尿酸水光保濕調理棉片』 這是我第一次體驗濕敷棉片 使用前真的非常興奮又期待🤩 霓淨思玻尿酸水光保濕調理
Neogence 霓淨思,玻尿酸水光保濕調理棉片,2025/07,7,真心感謝抽中耶！ 我一直蠻喜歡這個品牌的保養品 但是這種棉片還真的沒用過呢🤩 呀呀呀～是男神代言呀！ 看起來就很很好用？！ 有送一支小夾子耶 貼心❤️ 不過有時候覺得用手捏🤏一片就好了 哈哈 一開始還會拿到兩片～～ 可能臨時有個重要的事情要出門 可以緊急敷個5-10分鐘 極速保濕 然後趕快上妝出
Neogence 霓淨思,玻尿酸水光保濕調理棉片,2025/07,6,Neogence霓淨思 玻尿酸水光保濕調理棉片罐裝包裝，內附有夾子，很好夾取棉片我很喜歡有夾子的貼心設計，可以避免接觸產品而滋生細菌 棉片材質很薄很服貼，很像薄的面膜材質我都會連鼻翼及法令紋一起敷，完全不用擔心會有不服貼掉下來的問題精華液量很充足，最上面那片都還很濕潤高效導入雙重玻尿酸，裡面添加積雪草
Neogence 霓淨思,玻尿酸水光保濕調理棉片,2025/07,4,首先非常感謝@cosme跟Neogence霓淨思提供試用的機會～ 這款玻尿酸水光調理棉片， 主打 雙重玻尿酸，注水保水一次到位 在家也能輕鬆SPA 大小分子玻尿酸，注水保水 還原肌膚理想狀態。還有95%高純度積雪草成分，瞬效舒緩不適～ 可以濕敷日常保養， 也可以急救舒緩泛紅～ 打開盒子蓋子上有
Neogence 霓淨思,玻尿酸水光保濕調理棉片,2025/07,7,Neogence 霓淨思【玻尿酸水光保濕調理棉片】 ★外觀； 非常貼心的在蓋子上方做一個可以放夾子的地方， 隨時隨地都可以使用， 也不用怕手髒細菌跑進去讓整罐汙染到~ ★質地非常的有水分及保濕， 可以看到即使放在肌膚上也會有明顯的濕潤感， ★使用後； 夏天到了，在外毛孔整個打開後進到冷氣房，
Neogence 霓淨思,玻尿酸水光保濕調理棉片,2025/07,6,很高興收到@cosme和Neogence 霓淨思合作試用的玻尿酸水光保濕調理棉片。 我本來就是它們家HA玻尿酸保濕保養系列的愛用者，也喜歡舒敏小藍瓶的積雪草精華，這次推出的棉片主打的就是玻尿酸和積雪草的成份，讓我十分期待它的功效。 這是我第一次使用棉片類的產品， 打開之後，它蓋子有附夾子，內部就是
Neogence 霓淨思,玻尿酸水光保濕調理棉片,2025/07,5,包裝：包裝很漂亮、有附夾子，但沒有卡好很容易掉下來 我拿到貨的時候有液體溢出來，看來是封膜鬆掉了棉片觸感：有吸滿精華液的感覺 觸感真的蠻像面膜的 擦拭的時候很親膚保濕度： 覺得當下有保濕的感覺 但持續效果普通 然後很清爽～吸收快、不粘膩！ 我也有搭配使用酸類後拿來保濕，臉比較不容易乾 修復力：上面有寫
Neogence 霓淨思,玻尿酸水光保濕調理棉片,2025/07,6,最近天氣變得好悶熱，肌膚也開始有點乾又亂長小粉刺，這款傳說中很溫和又保濕的Neogence 霓淨思 玻尿酸水光保濕調理棉片 打開包裝的時候就覺得裡面的精華液非常飽滿，不會乾乾的，聞起來是淡淡的清香很舒服。 💧 保濕效果很有感，擦完臉之後，皮膚明顯變得柔軟細緻，摸起來水水嫩嫩的，完全不黏膩！隔天上妝也
Neogence 霓淨思,玻尿酸水光保濕調理棉片,2025/07,6,蠻常用霓淨思的產品，覺得他們家算是台灣品牌裡比較認真開發新品的品牌～ 連最近韓國很紅的棉片都跟上了， 包裝好看但建議瓶身品管要改進！ 因為一打開就發現有點滲漏，而且看了其他人的心得發現不是個案， 然後夾子不太好用哈，但棉片本身有超乎我預期的好用～ 可能是最近天氣實在太熱，拿來Ｔ字部位濕敷和妝前保濕
Neogence 霓淨思,玻尿酸水光保濕調理棉片,2025/07,5,謝謝cosme跟霓淨思，讓我可以試用這次的新產品 Neogence 霓淨思 玻尿酸水光保濕調理棉片 一盒有80片，算是可以用一陣子 打開蓋子會發現，上面有附一個塑膠小鑷子，下面還有一片封膜封口，設計的很貼心，有加分！ 打開封膜會看到裡面的精華液給的很澎湃，底層都還有流動的精華液，每一片棉片都很濕潤，充
Neogence 霓淨思,玻尿酸水光保濕調理棉片,2025/07,7,Neogence也出了保濕棉片的產品 真的好驚喜 收到試用很高興 畢竟現在非常火紅 也沒用過其他品牌 很期待使用 這次試用感受非常好 首先棉片又輕薄又服貼 棉片夠濕潤 敷上臉保濕感很足 但是非常清爽舒服 完全不存在粘膩悶的問題 敷著涼涼的好適合夏天拿下來之後可以再接著擦拭全臉跟脖子 或是敷在膝蓋
Neogence 霓淨思,玻尿酸水光保濕調理棉片,2025/07,6,感謝@Cosme和霓淨思提供的試用機會～ 最近越來越多品牌都有推出棉片的產品 之前只有用過韓國的品牌 這次試用Neogence 霓淨思的玻尿酸水光保濕調理棉片精華液的量給的非常足～ 使用棉片時 我通常都是濕敷五分鐘 接著整臉擦拭 棉片的材質偏薄 很服貼 保濕有感！洗完臉乾燥有些脫屑的部分 濕敷五分
Neogence 霓淨思,玻尿酸水光保濕調理棉片,2025/07,5,先來說明一下我的膚質及膚況 混合肌：夏天混合偏油；冬天混合偏乾，目前處於偏油狀態 目前膚況：毛孔粗大、全臉都會出油，T字部位油光最為茂盛、有粉刺跟皮脂管絲的困擾 ( •̥́ ˍ •̀ू ) 由於夏天易出油且毛孔跟粉刺越發猖狂，所以這陣子都有使用水楊酸來鎮壓它們 (。・`ω´・) 相對的雙頰及鼻翼兩側
Neogence 霓淨思,玻尿酸水光保濕調理棉片,2025/07,5,很開心這次被抽中能夠試用這項產品的機會~ 先來張產品圖罐身有點半透明，喜歡這個藍色🥰 它是掀蓋式的，使用起來很方便✅️ 再來附上成份圖給需要的人參考內裡有附上夾子以及固定夾子的設計， 以防重複污染內容物，乾淨衛生，很貼心💕 就是那個內膜得把整個蓋子拆了才拆得掉…… 無法保留內膜讓我不太習慣😥 一罐
Neogence 霓淨思,玻尿酸水光保濕調理棉片,2025/07,5,感謝@cosme和霓淨思讓我有機會試用 這次抽中的是 【Neogence 霓淨思的玻尿酸水光保濕調理棉片】 ⬇️⬇️⬇️ 味道：無味道也沒怪味 材質：輕薄，平滑 市面上現在出很多這種棉片， 此款棉片兩面都是平滑的， 跟一般看到兩面紋路不同的不太一樣 使用感受： 棉片輕薄服貼， 雖然棉片很薄但吸附
Neogence 霓淨思,玻尿酸水光保濕調理棉片,2025/07,4,本次試用的產品是 霓淨思[玻尿酸水光保濕調理棉片]， 包裝配色滿清爽的，採掀蓋方式，裡面有附一隻夾子， 蓋子一開始超級難打開，夾子也會被開蓋的力道震掉， 使用幾次後，蓋子有慢慢變好開了一點， 但偶爾開蓋還是會發現，夾子掉在棉片上。罐子內部的精華液滿多的，透明沒有香味。第一次使用棉片類產品，覺得棉片偏薄
Neogence 霓淨思,玻尿酸水光保濕調理棉片,2025/07,5,這次用到【霓淨思】玻尿酸水光保濕調理棉片真的超驚喜～✨ 一打開就被它的濕潤度驚艷到，每片都浸得飽飽的，很有份量感。質地柔軟親膚、不刺激，敷起來完全沒有緊繃感，反而是那種溫柔包覆肌膚的感覺。這款棉片主打大小分子玻尿酸，一邊幫肌膚補水、一邊鎖水，敷完真的有感覺臉變得更滑嫩、水感UPUP💧 而且還添加了
Neogence 霓淨思,玻尿酸水光保濕調理棉片,2025/07,6,非常感謝 UrCosme & Neogence 霓淨思提供的試用機會~ 這次的試用品是【玻尿酸水光保濕調理棉片】 最近剛好想補充面膜 還沒鎖定就收到 Neogence 霓淨思 的禮物 來的很剛好 玻尿酸水光保濕調理棉片 上手很有份量感 第一片的濕潤度很好 底部的精華液也很充足
Neogence 霓淨思,玻尿酸水光保濕調理棉片,2025/07,6,這次適用的是玻尿酸水光保濕調理棉片，最近流行這種小片狀的調理棉片 比片狀面膜方便，也能加強局部，無論是妝前還是晚上保養，都十分便利 以下是它的成分主打含雙重玻尿酸，能長效保水保濕 且含積雪草苷，能舒緩泛紅，穩定膚況 這種片狀調理棉片最怕不夠濕 但這款得精華液滿多的 每片都可以有滿滿的精華 我通常額頭一
Neogence 霓淨思,玻尿酸水光保濕調理棉片,2025/07,5,這次使用Neogence 霓淨思的玻尿酸水光保濕調理棉片 現在這種棉片突然很紅，很多間廠牌都有出棉片， 這也是我使用的第三個品牌 霓淨思包裝中規中矩，不是太誘人的包裝 但棉片大小比起其他牌子，感覺大張蠻多的 但是不知道是不是運送的問題，雖然是包裝好的，但液體有點露出來 裡面一樣是有封膜，還附了一支小
Neogence 霓淨思,玻尿酸水光保濕調理棉片,2025/07,5,"感謝@cosme,幸運抽到霓淨思—-玻尿酸水光保濕調理棉片的試用： 此款商品的定義為居家SPA，強調高效導入雙重玻尿酸以及積雪草瞬效舒緩功能。 使用方式是潔顏後，將棉片敷在需要加強保濕的部位約五到10分鐘，直接用棉片擦拭；我個人是一次約三片棉片分別敷在額頭及兩頰，約五至10分鐘後將額頭的棉片擦拭整片"
Neogence 霓淨思,玻尿酸水光保濕調理棉片,2025/07,5,感謝Cosme提供本次試用機會! 本次試用產品為Neogence 霓淨思「玻尿酸水光保濕調理棉片」 收到規格的是正貨規格裡面有附一支小夾子，雖然有附上小夾子但其實還是蠻難夾取的，因為太濕都年在一起，不知道有沒有更好的設計；棉片沒有特別味道，材質是輕薄平滑的。裡面的精華滿滿的，敷完清爽保濕不黏膩，有時
Neogence 霓淨思,玻尿酸水光保濕調理棉片,2025/07,6,謝謝@cosme及霓淨思提供的試用機會 我這次試用的是玻尿酸水光保濕調理棉片 我覺得這樣的包裝很特別，第一次看到有附一根夾子，讓手不會直接碰到棉片，中間有一層隔離片，可以拿掉 棉片薄薄一層，很服貼，很適合局部快速補水 因為我的皮膚比較乾，上妝如果沒有做好保濕很容易卡粉脫皮，不服貼 用完保濕調理
Neogence 霓淨思,玻尿酸水光保濕調理棉片,2025/07,5,看韓國很流行用棉片保養，之前也有試用過韓國的棉片覺得還不錯。在康是美看到這款棉片有特價就買來試看看看，給台灣品牌的棉片一個機會～包裝有附一隻夾子，但很難用。很容易夾起來就是兩片起跳。 這款產品沒有香味，用起來很溫和沒有過敏反應。但保養效果目前感受起來很普通，用起來就像是沾了化妝水的化妝棉。濕敷的效果也
Neogence 霓淨思,玻尿酸水光保濕調理棉片,2025/07,6,這次很幸運地抽到了霓淨思的新品「玻尿酸水光保濕調理棉片」~~ 我一直都很想嘗試看看這種富含保養成分的保濕棉片，保養步驟的使用上真的方便不少！ 外觀是一如既往的海藍色搭配白色，簡約風的設計深得我心 打開後還附有小夾子及收納處，這點我覺得非常加分，不需使用手拿取棉片，但我覺得罐子直徑稍大，或許是為了好拿
Neogence 霓淨思,玻尿酸水光保濕調理棉片,2025/07,7,非常感謝Neogence 霓淨思以及@cosme提供這次的試用機會!! 這次體驗的是「玻尿酸水光保濕調理棉片」，主打專業居家SPA。 桶裝設計一開蓋有附一個夾子，對於維持棉片桶衛生還蠻好的。其中含有大小分子雙重玻尿酸及 95%高純度積雪草苷，而且不會黏膩，在炎炎夏日做為給肌膚補水、鎮靜非常好用。 棉
Neogence 霓淨思,玻尿酸水光保濕調理棉片,2025/07,7,霓淨思 玻尿酸水光保濕調理棉片 玻尿酸就是保濕啦!!! 包裝質感很科技，輕巧 每個新開的都有附贈小夾子 打開產品，沒什麼香精味 很清爽的味道，有雪積草成分 用起來清爽卻保濕的一款 SPA居家調理棉片 棉片質地很親膚細膩不會粗糙 我在卸妝洗臉後， 用附贈的夾子夾一片玻尿酸水光保濕調理棉片 去濕敷我的兩
Neogence 霓淨思,玻尿酸水光保濕調理棉片,2025/07,6,使用這款玻尿酸水光保濕調理棉片已經一週，真的有種在家做SPA的感覺。每次洗完臉後，我會將棉片敷在兩頰和額頭，等個五分鐘後輕輕擦拭再拍勻，整個過程既方便又舒服。尤其是最近換季，膚況本來有點不穩定，泛紅乾癢時有發生，但用了這款棉片後，肌膚明顯穩定許多，泛紅的情況也有改善。 我特別喜歡它的雙重玻尿酸設計，
Neogence 霓淨思,玻尿酸水光保濕調理棉片,2025/07,5,平常就會購買及使用霓淨思面膜 很高興收到保濕調理棉片的試用( ˶'ᵕ'˶)⸝‪‪‎♡內蓋有附一個小夾子 這個設計很棒 ，夾子不會不見也衛生 唯一的小缺點是棉片不太好分離 常常一夾就拿了好幾片 不過敷起來很舒服 我習慣在敷完後用清水稍微洗臉 把多餘沒被吸收的精華液洗掉 雖然沒有特別明顯的效果 但能穩
Neogence 霓淨思,玻尿酸水光保濕調理棉片,2025/07,3,很開心抽到試用品 近年棉片當道，對於本來就有濕敷習慣的人真的是很方便 產品本身棉片偏薄 所以可以很好的服貼在臉上 罐子上面還有小夾子收納區 讓使用棉片時方便很多 也不會因為要用手拿取造成產品變質 產品本身有含雙重玻尿酸和積雪草苷 感覺就是非常保濕補水修復的棉片 實際使用過感受很不錯 保濕度尚可 整
Neogence 霓淨思,玻尿酸水光保濕調理棉片,2025/07,7,Neogence 霓淨思「玻尿酸水光保濕調理棉片」 對於剛從韓國回來，體驗了超多款棉片，這次使用霓淨思新推出的玻尿酸水光保濕調理棉片，多了很多比較心得~會使用棉片肯定是為了方便！不像平時要準備化妝棉自行沾濕化妝水做清潔保養，棉片不僅一次夾取一張搞定，還多了很多保養成分，簡直是懶人福星~而且不要覺得一盒
Neogence 霓淨思,玻尿酸水光保濕調理棉片,2025/07,6,看到包裝太心動了，在寶雅試用了一片，感覺還不錯就買了，可以局部敷在乾燥的部位，味道很天然沒有香料味，是敏感膚質也能用的產品，天氣熱敷在臉上冰冰涼涼的，感覺很放鬆，讓保養變得很有趣
Neogence 霓淨思,玻尿酸水光保濕調理棉片,2025/07,5,"這款霓淨思的保濕調理棉片在夏季容易乾燥缺水的時候最適合收到使用，沒有任何香味所以適合對香氣過敏的女孩兒們，薄薄的一片棉敷在臉上很透氣，但缺點就是兩片間容易黏在一起，不容易快速取用，保濕效果還ok,在冷氣房約持續半天多，但就不是很潤澤的肌膚觸感，摸臉頰不是乾燥是有水分但不到滋潤的程度，所以如果是乾燥肌膚"
Neogence 霓淨思,玻尿酸水光保濕調理棉片,2025/07,6,在家也能專業居家SPA，享受護膚新體驗！ 霓淨思家的保濕產品真的很厲害，這款玻尿酸水光保濕調理棉片有高達95%積雪草，保濕同時還能舒緩臉部肌膚，根本是夏天必備良品。 天氣越來越熱，在外奔波後的肌膚需要修復一下，這時候就可以靠這款棉片快速保養！ 產品有附小夾子，不怕拿取髒了裡面乾淨的棉片 每一片都是保水
Neogence 霓淨思,玻尿酸水光保濕調理棉片,2025/07,6,我超愛棉片超級超級愛 這款棉片添加 玻尿酸跟積雪草 保濕跟修護一次搞定 如果剛保養完（清粉刺）我會拿他來敷 退紅的效果不錯 每次敷5-10分鐘即可 也可以放冰箱 超冰涼超舒服 吸收後也不會黏噠噠的 很清爽 也沒有什麼香味 棉片我覺得厚薄度適中 夾子的設計可能得再加強了 很容易一次夾到很多片 感
Neogence 霓淨思,玻尿酸水光保濕調理棉片,2025/07,4,感謝平台與品牌贈送試用！用過韓國棉片後也很期待台灣的產品，不過打開來就有點小失望啊……已經漏液啦！！ 仔細一看包裝一樣有封口、封膜，但是封膜可能不夠力，打開看精華液也真的超多，所以撐不住吧？外盒已經濕透哩…… 棉片本身比韓國品牌的厚一些，彈性也比較低，所以無法撕扯，像是臉頰就要用個兩片，鼻子、下巴
Neogence 霓淨思,玻尿酸水光保濕調理棉片,2025/07,5,敷起來感覺蠻舒服的，大小可以當作局部加強、急救的面膜。因為裡面有檸檬酸，可能不適合白天使用。 蓋子內有附一個夾子，但我常常一次夾到兩片起來😆 這款產品主要作用： • 強效保濕（多種玻尿酸、甘油等） • 舒緩修復（尿囊素、積雪草） • 配方穩定與防腐（EDTA、防腐助劑） • 溫和不刺激（無酒
Neogence 霓淨思,玻尿酸水光保濕調理棉片,2025/07,6,這款玻尿酸保濕棉片 材質觸感細膩，敷上去蠻服貼 成份也相對單純(大分子、小分子玻尿酸、積雪草) 我本身就蠻喜歡積雪草產品，因為退紅、鎮靜效果好 有貼心附上小夾子 我一次會拿兩三片 敷完10分鐘剩餘的精華就擦脖子 質地部分，這款很適合夏天或是油肌使用 精華液是水狀，敷完不會有黏膩感 但乾肌人建議再補
Neogence 霓淨思,玻尿酸水光保濕調理棉片,2025/07,6,這次試用了霓淨思-玻尿酸水光保濕調理棉片 商品是成分含有多重玻尿酸，可以幫助肌膚補水鎖水，維持肌膚含水量。棉片設計也很貼心，內附小夾子，打開每一片都非常水潤，使用方法是敷在需要加強的部分5-10分鐘後利用棉片擦拭，再輕拍吸收。 我最近有在使用A醇，下巴會有一點脫皮，我在妝前用這款棉片真的有幫助妝感會更
Neogence 霓淨思,玻尿酸水光保濕調理棉片,2025/07,3,相較於韓國品牌的化妝棉片 此款功效單純很多 圓形的棉片像一般薄款的化妝棉 兩面材質都是一樣的 瓶內化妝水容量很足 可是轉開蓋子要取下內包裝膜時 瓶身外流出化妝水，導致整個罐子都濕濕黏黏 保濕程度還算及格 沒有悶臉，擦拭完全臉不會黏膩不好吸收 開蓋後，有一個專門放夾子的溝槽 整體評分覺得普通，並無令人覺
Neogence 霓淨思,玻尿酸水光保濕調理棉片,2025/07,5,體驗Neogence 霓淨思 玻尿酸水光保濕調理棉片， 之前就想體驗這種棉片感覺旅行時外出只要帶棉片小小棉片很方便， 我覺得像小型面膜，在想要加強的部位敷5-10分鐘，再將剩餘的精華液拍在臉部其他部位 成分有95%高純度積雪草苷，舒緩泛紅，強化肌膚屏障，穩定膚況， 也有高效導入雙重玻尿酸，注水保水一次
Neogence 霓淨思,維他命C淨膚亮白調理棉片,2025/07,5,棉片這種類型的產品，某種程度上就是為了「不想擦精華液的人」設計的 😂 像我自己是油性肌膚，很容易出油。如果產品質地選不好，晚上保養完，隔天很容易就冒出小痘痘。所以太厚重的精華我其實不太敢天天用。但棉片的好處就是，精華液已經吸在棉片裡，既能日常保養，也能順便濕敷，對油皮來說負擔比較小。 這款維他命 C
Neogence 霓淨思,維他命C淨膚亮白調理棉片,2025/07,3,很高興這次能收到霓淨思跟@cosme 合作的試用邀請 這次收到的是霓淨思夏天最新上市的保養棉片 受到近期韓國保養興起的棉片風潮燒到台灣 台灣品牌也開始陸續做起棉片產品 這次霓淨思一共推出兩種棉片 保濕款跟亮白款 我收到的是亮白款 產品主打 ● 居家SPA調理棉片，還原肌膚理想狀態！雙效明星美白成分維
Neogence 霓淨思,維他命C淨膚亮白調理棉片,2025/07,6,感謝@cosme和Neogence 霓淨思讓我抽重試用~6/20上市，第一次抽中還未上市的產品覺得榮幸*第一次使用棉片類產品，打開後上方有附一個夾子，中間有一層膜防止漏液，可以轉開後拿掉，夾子還算好夾，不過有時會不小心夾到兩片*上方白色部分是有點彈性的塑膠，壓一邊蓋回另一邊還是翹起來的，我覺得蓋回去的
Neogence 霓淨思,維他命C淨膚亮白調理棉片,2025/07,6,"首先感謝 NEOGENCE 與 @cosme 提供的試用活動 這次抽到的是 NEOGENCE 霓淨思的 ""維他命C淨膚亮白調理棉片"" 實在是滿開心的 本來年輕時候就是霓淨思的忠實用戶, 從保濕的化妝水乳液保濕面膜等等, 甚至到洗臉機我都有買 但是也因為年紀漸長的關係, 漸漸好像覺得霓淨思沒有那麼符合需"
Neogence 霓淨思,維他命C淨膚亮白調理棉片,2025/07,5,曾幾何時 棉片這項懶人保養新星，完全覆蓋亞洲區的保養品市場，連我自己都無意識的購買了2次😆 但不是覺得到後期棉片存放能力有限，效果後期大打折扣， ，容易至敏，不然就是棉片太粗糙不舒服，所以這次之後就毫無關注。 這次 Neogence 霓淨思「維他命C淨膚亮白調理棉片」大概是我第一次看到台灣自己生產
Neogence 霓淨思,維他命C淨膚亮白調理棉片,2025/07,3,Neogence 霓淨思 維他命C淨膚亮白調理棉片 用起來的整體感受偏普通 主打亮白但實際效果沒有特別驚艷 比較像是日常保養中一個小小的補強 最大感受是： 其實就是把（面膜紙裁成一片片小圓片） 用起來方便歸方便 但也沒太多驚喜棉片本身還算服貼無彈性 敷在局部位置還OK 但跟一般韓國的快速調理綿片差距還
Neogence 霓淨思,維他命C淨膚亮白調理棉片,2025/07,6,這次試用的是Neogence 霓淨思「維他命C淨膚亮白調理棉片」 最近棉片很多品牌都出了類似產品 使用快速方便又可以當面膜 因此之前我也有購入其他品牌的保濕棉片保存期限到2028年4月 效期還蠻久的 外包裝有強調居家SPA的標題 成分添加 雙效明星美白成分維他命C+菸鹼醯胺 可以抗暗沉和蠟黃 罐子是黃
Neogence 霓淨思,維他命C淨膚亮白調理棉片,2025/07,7,很謝謝讓我抽到這一次試用Neogence 霓淨思 維他命C淨膚亮白調理棉片的機會打開後，有一層薄膜 是圓形的棉片，沾滿了許多精華液， 薄薄的棉片，滿滿的精華液，敷上臉，冰冰涼涼的好舒服呀我覺得它比面膜還方便，隨時都可以敷， 可針對需要加強的部分做濕敷，一邊敷一邊做自己的事，也不會滑落， 尤其在這炎熱的
Neogence 霓淨思,維他命C淨膚亮白調理棉片,2025/07,5,感謝UrCosme提供Neogence 霓淨思「維他命C淨膚亮白調理棉片」試用品。 第一次使用這種調理棉片產品 罐裝打開裡面有80片，內蓋附有一根小夾子，棉片下還保有水水的精華液，避免乾掉 但是罐子好像沒有很密合，收到時拆掉外層透明收縮膜，發現紙盒的底部是濕的! 濕到紙盒都變軟了，應該是裡面的精華液
Neogence 霓淨思,維他命C淨膚亮白調理棉片,2025/07,5,看到許多韓國臉部護理棉片的產品，覺得挺厲害與方便， 很開心台灣品牌自己也出了這樣的產品～ 圓形磨砂黃色半透明塑膠罐子+白色蓋子， 有份量、有質感，可以看見底部有流動的化妝水， 蓋子底下的塑料夾子不是很好用和蓋子需要一點左右同時施力的技巧才能蓋好， 棉片不厚、結實不會輕易撕開，不易起棉絮， 持續兩周的使
Neogence 霓淨思,維他命C淨膚亮白調理棉片,2025/07,6,謝謝 Neogence 霓淨思 的試用邀請！ 讓我嘗試新奇的保養品 以前有買過爽膚棉片 這個 維他命C淨膚亮白調理棉片 也是類似的保養品 打開裡面有內附塑膠小夾子 老實說 這小夾子不僅是單薄沒啥質感的塑料夾子 還很難用==雖然只是個防沾手 並且能夠保持內容物衛生的工具 但是他真的扁到難夾不太好控制
Neogence 霓淨思,維他命C淨膚亮白調理棉片,2025/07,5,這次試用的是Neogence 霓淨思的新產品～「維他命C淨膚亮白調理棉片」 沒想到霓淨思也有出保養棉片了 最近剛好對這類的產品十分好奇 真是我這種懶人的福音 每天那麼忙碌，保養如果能少一步就少一步，能多睡一點呀XD這款棉片主要成分是維他命C+菸鹼醯胺，都是可以讓膚色亮白去暗沉的成份 另外還有95%高
Neogence 霓淨思,維他命C淨膚亮白調理棉片,2025/07,4,感謝霓淨思跟@cosme 提供 維他命C淨膚亮白調理棉片試用 我是乾敏肌 容易長粉刺 上妝鼻翼兩側易卡粉 先來介紹瓶身設計瓶蓋內有附小夾子 這個設計雖然很貼心 可以避免衛生問題 但是！！！這個夾子完全起不了作用 棉片很難被它夾起來這就算了 每次打開瓶蓋 夾子就已經掉在棉片上 這個設計真的
Neogence 霓淨思,維他命C淨膚亮白調理棉片,2025/07,5,我現在蠻喜歡這種使用方式的棉片 打開即用不用另外準備化妝棉或面膜布 我連上化妝水的步驟都省了 維他命C橘壓克力外殼 新的蓋子有夠緊 上蓋內附小夾子 圓形不織布棉片 常一次夾到兩片起來 打開前以為一面是紋路的設計結果兩面都一樣 聞起來很淡的香味 摸起來溼度非常夠以外精華液是帶有一些滋潤度
Neogence 霓淨思,維他命C淨膚亮白調理棉片,2025/07,7,第一次試用霓淨思即將新上市的調理棉片， 非常期待！本身膚質算是普通肌但偏敏感， 所以用到一些比較刺激或是有添加某些成分的時候我的臉會馬上泛紅過敏 但第一次用這個維他命C淨膚亮白調理棉片， 敷在兩側臉頰10分鐘左右， 臉完全沒有任何不適，而且非常清爽、保濕 （果然是Neogence！） 平常如果有在戶外
Neogence 霓淨思,維他命C淨膚亮白調理棉片,2025/07,5,感謝 @cosme 和 Neogence霓淨思。 今天要來分享 Neogence霓淨思 的新品 維他命C淨膚亮白調理棉片。說到棉片，大家第一時間想到的一定都是韓國品牌的棉片，但是沒想到我們臺灣品牌也出了棉片！ 跟我們熟悉的韓國品牌的棉片不一樣，霓淨思的新品棉片不是一面帶有顆粒突起、另一面平滑的那種棉片
Neogence 霓淨思,維他命C淨膚亮白調理棉片,2025/07,5,這是我第一次使用棉片系列的保養品，沒想到霓淨思也有出這一類的產品，對於懶人保養的我，真的推薦給我懶懶朋友們。 維他命C淨膚亮白調理棉片滿大一罐，裡面共有80片棉片，可以看到每一片都吸收著飽滿的精華液。 蓋子內還有附上一隻小夾子，可以方便夾取棉片，也很衛生不用擔心細菌附著，變成細菌培養罐。每一片棉片都吸
Neogence 霓淨思,維他命C淨膚亮白調理棉片,2025/07,7,夏天到了、美白不能少！ 「霓淨思維他命C淨膚亮白調理棉片」 有維他命c跟菸鹼醯胺跟雪積草！ 棉片設計很方便、擦完還可以稍微敷著！ 這瓶可以美白也可以修護、 超方便的、一瓶多用！ 美白感覺還不錯、 有提亮一些、臉部比較不蠟黃了！ 長期使用應該效果更好！ 雪積草可以修復臉部泛紅、 我夏天比較容易泛紅、 所
Neogence 霓淨思,維他命C淨膚亮白調理棉片,2025/07,5,很開心收到霓淨思的維他命C亮白調理棉片試用正品一盒此產品說明主打快速修護 使用積雪草及美白的維他命C+菸鹼醯胺 能改善蠟黃和修護肌膚!! 且圓片設計很適合急救加強部位改善!打開包裝內設計有附一隻小夾子 但真心覺得可以再加強夾子設計 因卡槽不太穩容易掉 也不太好夾取 不過盒內內容物精華液很夠 不會乾
Neogence 霓淨思,維他命C淨膚亮白調理棉片,2025/07,3,認真說 我覺得他算是一個蠻雞肋的產品 可能台灣習慣是直接一片面膜 或是拿乾的面膜+化妝水濕敷 要不就直接買一盒抽取式的晚安或早安面膜 一小片面積真的太小 一張臉 至少要五張（下巴、兩邊臉頰、鼻子、額頭） 但是一盒片數也不多 這樣敷其實蠻傷荷包的 早上看起來皮膚有比較亮一點 真的有維他命C 因為夾子
Neogence 霓淨思,維他命C淨膚亮白調理棉片,2025/07,7,"感謝@cosme提供Neogence 霓淨思的維他命c淨膚亮白調理棉片 夏天就是要美白啊！亮膚棉片裡面有80片 雙效明星美白成分維他命C+菸鹼醯胺,精準打擊暗沉蠟黃積雪草苷閃電級瞬效舒緩,雙效明星美白成分維他命C+菸鹼醯胺,精準打擊暗沉蠟黃 它的精華液算蠻多的，緊貼在肌膚上 敷完10分鐘之後在擦上"
Neogence 霓淨思,維他命C淨膚亮白調理棉片,2025/07,4,即便不是超級薄，服貼度仍然不錯，貼在大部分的位置都能很好的貼附在臉上，不太會因為說話或移動就掉落。上臉不會癢或刺，也沒有產生冰涼或溫熱的感覺，在皮膚敏弱時也能舒服的使用。 每片棉片都吸飽精華液，目前為止，即便是最上面沒有泡到底部精華液的棉片也沒有變乾，不用再另外去沾取精華液，感覺棉片的吸附功能蠻強的
Neogence 霓淨思,維他命C淨膚亮白調理棉片,2025/07,6,本次使用的商品品牌是「Neogence 霓淨思」 保養品是「維他命C淨膚亮白調理棉片」 這個品牌有著醫美的效果跟成分，價位卻十分平價，一直以來都深得我的好感 有效成分 1.維他命C+菸鹼醯胺 2.95%高純度積雪草苷 使用心得 1.沒什麼特殊香氣，不會造成不舒服 2.沒有過敏的狀況 3
Neogence 霓淨思,維他命C淨膚亮白調理棉片,2025/07,6,之前一直很好奇啥咪叫做調理棉片， 後來這次很幸運的抽中了Neogence 霓淨思「維他命C淨膚亮白調理棉片」 讓我有機會嘗試何謂調理棉片~ 看介紹裡面添加不少維他命C與菸鹼醯胺， 主打讓肌膚亮白不會暗沉， 也添加了積雪草舒緩肌膚。 打開後為罐裝瓶狀 瓶蓋上有一個夾子 用夾子夾調理棉片不僅較為衛生也比較
Neogence 霓淨思,維他命C淨膚亮白調理棉片,2025/07,4,身為棉片的重度使用者，這次有機會體驗霓淨思的「維他命C淨膚亮白調理棉片」，真的非常期待！這款主打維他命C成分，針對暗沉與蠟黃肌膚設計，雖然短期內還沒有明顯感受到膚色變得更透亮，但在保濕與妝前打底的表現上真的讓我很驚喜。 ✨ 我的膚質與使用習慣 我是混合偏油肌，平常很依賴棉片來做日常保養，尤其在妝前濕敷
Neogence 霓淨思,維他命C淨膚亮白調理棉片,2025/07,3,棉片保養可以說是在韓國興起一陣炫風，各家品牌都有出各種成分不同功能的棉片。 而這次抽到試用的棉片是台灣的品牌Neogence霓淨思！包裝很簡單就是棉片裝在罐子裡，然後罐子裝在紙盒裡。紙盒上的全成分給大家參考一下。罐子打開後，裡面有一個小夾子和棉片，就可以用夾子把棉片夾出來敷在臉上。棉片的大小差不多就是
Neogence 霓淨思,維他命C淨膚亮白調理棉片,2025/07,6,第一次體驗棉片類型的產品 又是平常沒在使用的維他命C類型，很新鮮 盒子內附了一個小夾子 可以確保不會污染棉片 一開始用的隔天會很滿意膚況 整個臉亮亮的 過陣子開始感受到些微的美白效果 當然不是馬上白一個色階 但透亮度有提升 加上棉片的精華非常足夠 我都會順便帶到脖子等區域 以這樣的價格跟效
Neogence 霓淨思,維他命C淨膚亮白調理棉片,2025/07,4,很開心有機會試用到霓淨思的 維他命C淨膚亮白調理棉片 首先 好 我要先說一句 😡包裝是真難用啊😡！！！ 我拿到一拆開 罐子上就有一些液體漏出來了 他的蓋子不防漏 關起來的反饋也很差 付的夾子也很難夾 看似可以固定在蓋子上 實際上無法 我真的沒搞懂為什麼不用旋鈕式的蓋子 整個包裝很糟糕 但內容物本人
Neogence 霓淨思,維他命C淨膚亮白調理棉片,2025/07,5,很高興能參與這一次體驗活動～ 「霓淨思維他命C淨膚亮白調理棉片」 內含維他命c跟菸鹼醯胺跟雪積草～ 根本就是為了我的設計的～ 棉片比較軟～較濕潤～ 能貼服在臉上的～ 肌膚感受～清爽舒適～ 夏日超級需要美白又防痘痘～ 一罐就能滿足我皮膚的問題～ 內還附夾子讓你乾淨拿取超級貼心的～
Neogence 霓淨思,維他命C淨膚亮白調理棉片,2025/07,6,將將～～最近試用了 Neogence 的維他命C淨膚亮白調理棉片，完全打中我這種懶人保養需求🤩🤩🤩 我的膚質是混合偏油，平常容易暗沉、出油，鼻翼還有小粉刺，膚觸也有點粗粗的。用了這款棉片大概快一週，真的有感覺皮膚變亮、變滑，毛孔感覺也比較不明顯，連上妝都服貼許多～～～ 洗完臉就直接敷上去，五分鐘就能
Neogence 霓淨思,維他命C淨膚亮白調理棉片,2025/07,6,感謝@cosme提供Neogence 霓淨思“維他命c淨膚亮白調理棉片“ 試用的機會 罐裝型的，ㄧ盒裡面有80片 打開蓋子，蓋子上面還附有小夾子，拿取非常方便 裡面添加了雙效美白成份，維他命c+菸鹼醯胺 打擊暗沉蠟黃肌膚 95%高純度積雪草苷，舒緩泛紅，穩定肌膚 棉片敷在需要加強的部位5-10分鐘 敷
Neogence 霓淨思,維他命C淨膚亮白調理棉片,2025/07,5,感謝廠商及平台讓我能試用這個產品 之前一直觀望棉片類，但都沒有購入，因為感覺敷臉時有很多死角，且我比較喜歡趕快塗一塗收工的感覺，這次使用的確還是有許多不順手的地方 不過使用一週後感覺毛孔有變小，膚色不均有稍微改善，可能有一點效果 質地是清爽滑滑的感覺，夏天使用冰涼冰涼的不會太有負擔 另外關於包裝的部分
Neogence 霓淨思,維他命C淨膚亮白調理棉片,2025/07,5,感謝@Cosme與Neogence 霓淨思提供這次試用機會，這次試用的是「維他命C淨膚亮白調理棉片」。 首先外盒是橘色的紙盒設計，正品是黃色霧面塑膠瓶圓瓶，蠻有質感的，蓋子也算緊並且內蓋有附一個小夾子，不沾手的設計很好，只是夾子太小不是很好夾。產品是白色圓形的棉片，大小
Neogence 霓淨思,維他命C淨膚亮白調理棉片,2025/07,5,一盒有80片棉片，棉片直徑約6.5cm，沒什麼香味。每一片含有的精華液亮蠻足夠的，濕敷5～10分鐘拿下後可以順便擦拭臉上的老廢角質跟帶到脖子保養，精華液有微微黏感，不過還在可接受範圍內，下一步再擦上乳液就完成夏日保養 優點：隔天睡醒後覺得有濕敷過的兩頰跟平常相比摸起來確實滑嫩些！🤩還不錯，再持續觀察亮
Neogence 霓淨思,維他命C淨膚亮白調理棉片,2025/07,4,棉片真的是懶人福音！ 洗完臉直接拿一片擦臉，或是拿幾片敷在臉上都很不錯 沒有香味，裡面還有附一個小夾子，不怕手直接接觸 （更新：後來沒用多久這個爛夾子就夾不起來了😤無法開合，扣一顆星）添加維他命C可以改善暗沉，還有高達95%純度的積雪草苷，可以舒緩泛紅，強化肌膚屏障，穩定膚況~ 棉片很薄，不會浪費裡
Neogence 霓淨思,維他命C淨膚亮白調理棉片,2025/07,7,這次用了 Neogence 的 Vitamin C 亮白棉片真的有驚喜到！質地溫和不刺激，早晚擦一擦，不到一週就感覺臉變得更透亮、有光澤。連朋友都說我最近氣色變好、皮膚好像變白了，超開心！裡面除了維他命C，還有菸鹼醯胺跟積雪草，擦起來不黏膩也不會乾。覺得很適合像我一樣想要改善暗沉又怕刺激的人，會想回購
Neogence 霓淨思,維他命C淨膚亮白調理棉片,2025/07,5,很開心可以抽到試用霓淨思維他命C淨膚亮白調理棉片，本身是乾肌黑黃皮，這幾天都有熬夜，哈哈哈，覺得很適合當急救使用，敷完覺得皮膚狀況有變好，皮膚有亮一點，稍等一下就吸收完，不會有黏膩感，很保濕，很適合氣色不好時敷個10分鐘來提亮，裡面精華很多，每片都很濕潤，CP值算很不錯的，使用8天覺得皮膚水潤不少。
Neogence 霓淨思,維他命C淨膚亮白調理棉片,2025/07,5,這個產品的本身沒有什麼問題，但是蓋子不好開，鑷子也很難用，很難夾棉片起來，這個棉片可以貼兩頰，額頭，剛貼的笫一天，沒有什麼感覺，要敷到笫3次才有感覺臉有變亮，且斑有變淡的感覺，若要淡斑，建議可以連續敷3，4天，可以看到效果。只是自己太懶，常常忘了敷，目前是覺得還不錯，但是沒有什麼保濕的效果，若要加強保
Neogence 霓淨思,維他命C淨膚亮白調理棉片,2025/07,6,最近用了 Neogence 霓淨思的維他命C淨膚亮白調理棉片，覺得超方便！每天洗完臉後直接擦一擦，感覺臉變得比較乾淨、也比較亮，連毛孔看起來都有比較細。棉片一面有紋路可以去角質，另一面很柔軟，用起來不會刺激，敏感肌也OK。我自己是早晚各用一次，後續保養品吸收得更快，皮膚狀況也穩定很多，真的有點小驚喜～
Neogence 霓淨思,維他命C淨膚亮白調理棉片,2025/07,5,@cosme試用品 愛運動我每次被太陽曬後，晚上洗完臉使用調理棉片濕敷臉部 舒緩效果，棉片沒什麼味道，很方便裡面有附贈小夾子避免手直接碰觸 基本上都臉頰兩面額頭一片 敷完效果 痘疤地方有淡掉，整體效果目前使用一週臉部有提亮 罐裝很方便，很適合沒時間保養，洗完澡敷上去 剩餘的精華擦在脖子上不浪費。
Neogence 霓淨思,維他命C淨膚亮白調理棉片,2025/07,(淺層體驗),非常幸運的可以抽到urcosme的試用品 Neogence 霓淨思「維他命C淨膚亮白調理棉片」， 這次試用的商品是正品的商品容量，非常的有誠意的試用， 希望未來還有機會可以再抽中urcosme的試用品， 這次抽中的試用是 Neogence 霓淨思「維他命C淨膚亮白調理棉片」，平常使用的保養品
Neogence 霓淨思,維他命C淨膚亮白調理棉片,2025/07,5,最近開始用 Neogence 霓淨思的「維他命C淨膚亮白調理棉片」，說真的…一開始是被它的名字吸引，總覺得「亮白」兩個字對我這種熬夜肌有種無法抗拒的魔力🥲 打開包裝，棉片是雙面設計的，一面有微微的紋理可以輕輕擦拭肌膚，另一面則是滑順的觸感，用起來不會太刺激，連我這種容易泛紅的小脆皮都可以安心用。棉片
Neogence 霓淨思,維他命C淨膚亮白調理棉片,2025/07,5,"這幾年韓國非常流行的棉片, 真的是懶人福音 只要針對局部, 濕敷加強, 快速又方便 產品提供：Urcosme x Neogence 因為自己本身就有在使用霓淨思的杏仁酸, 感受度很好 當然對於新品也是相當期待 維他命C 淨膚亮白調理棉片 主打維他命C , 菸鹼醯胺, 積雪草成分 能減少局部黑色素"
Neogence 霓淨思,維他命C淨膚亮白調理棉片,2025/07,5,感謝@cosme提供Neogence 霓淨思的維他命c淨膚亮白調理棉片 添加了雙效美白成份，維他命c+菸鹼醯胺，打擊暗沉蠟黃肌膚 95%高純度積雪草苷，舒緩泛紅，穩定肌膚 一盒有80片棉片，棉片直徑約6.5cm，這款棉片設計得非常貼心內還附夾子讓你乾淨拿取，棉片一面有紋路可以去角質，另一面很柔軟，
Neogence 霓淨思,維他命C淨膚亮白調理棉片,2025/07,5,新品嘗鮮用看看 敷完皮膚表面會有一層吸收後的光澤保濕感 溫和不刺激、不過敏，提亮膚色UP有感 也能夠維持健康膚況!修護肌膚變的很穩定
Neogence 霓淨思,維他命C淨膚亮白調理棉片,2025/07,7,Neogence 霓淨思維他命C淨膚亮白調理棉片真的很方便好用！每片棉片都已經浸潤足量的精華，早晚洗臉後只要輕輕擦拭全臉，就能溫和去除老廢角質，同時補充維他命C亮白成分，用完肌膚感覺清爽不黏膩，還有微微的亮澤感。連續使用幾天後，毛孔看起來更乾淨，膚色也比較均勻，不會刺激敏感肌膚。最棒的是一盒有80片，
Neogence 霓淨思,維他命C淨膚亮白調理棉片,2025/07,5,"最近試用霓淨思這款【維他命C淨膚亮白調理棉片】，一開始是被它的主打成分""高穩定維他命C""吸引，畢竟換季期間肌膚常常暗沉沒光，真的需要一些“急救亮白小幫手”。我習慣先擦拭 T 字部位和下巴再全臉帶過，能同時做到溫和去角質 + 提亮膚色。 使用一週後的變化：膚色整體有比較乾淨透亮， 鼻翼兩側有時候會泛紅的"
Neogence 霓淨思,維他命C淨膚亮白調理棉片,2025/07,7,我用完 Neogence 霓淨思 維他命C淨膚亮白調理棉片 後真的超滿意！這款棉片設計得非常貼心，雙面材質方便調理與擦拭，使用起來溫和不刺激。每天早晚擦拭臉部，可以明顯感覺到膚色變得更均勻、有光澤，暗沉和小粉刺也有改善。添加的維他命C成分讓肌膚逐漸透出自然亮白感，整體膚況變得穩定又乾淨。而且一盒有80
MAQuillAGE 心機彩粧(原: SHISEIDO 資生堂東京櫃),水蜜光精華無瑕粉底SPF50+/PA++++(新升級),2025/07,7,哈囉各位，沒錯我又來分享了，最近去日本的名古屋看櫻花，當然也逛了@cosme，看到底妝類櫃位的時候被吸引過去，試用了一下就入手了一罐心機彩粧的牛奶粉底oc10原本對主打水光感的底妝其實有點猶豫，因為過去用過幾款都偏向好看但遮瑕不太夠，但這款有打破我對水光粉底的印象 跟油光有區別，上臉後的水光感非常細緻
MAQuillAGE 心機彩粧(原: SHISEIDO 資生堂東京櫃),水蜜光精華無瑕粉底SPF50+/PA++++(新升級),2025/07,6,前幾天分享了試用包，其實是因為買了心機彩妝的牛奶粉底😉 有沒有人跟我一樣，雖然底妝實在用不完但還是會一直想試試看新的😅 這次買了一個白皙色的氣墊粉餅和自然色的粉底液。我覺得他毛孔修飾的效果不錯～像我本身雖然是油性肌，會很嚮往自然遮瑕尤其柔焦效果不錯的底妝(畢竟我的毛孔凹疤蠻明顯的TT) 這種天氣我直接
MAQuillAGE 心機彩粧(原: SHISEIDO 資生堂東京櫃),水蜜光精華無瑕粉底SPF50+/PA++++(新升級),2025/07,5,2月底購買於日本 色號00 不同於日本海外版 不確定對應到台灣是哪個色號 擠出來不是水水狀 我覺得00色號還可以不會到死白 我用氣墊粉撲拍 認真看新聞稿是用粉底刷 我想應該差不多吧 成膜速度還好 不是那種很快就乾掉的粉底液體 很薄透 遮瑕力請看我下巴痘痘 粉底液薄透 這種痘痘膚況
MAQuillAGE 心機彩粧(原: SHISEIDO 資生堂東京櫃),水蜜光精華無瑕粉底SPF50+/PA++++(新升級),2025/07,4,朋友在日本機場免稅店幫買的☺️ 我發現我選的色號太深了 我想要白皙一點點 這種包裝帶出門蠻方便 不怕打破 體積也不算很大 我覺得質地介於粉霜跟粉底液之間 不到太濃也不是太稀的那種 很滑溜好推 現在10-17度的天氣 我覺得我還可以 之前27-9度在我臉上不行 脫妝速度蠻快的，因為我臉會出油 所以最近天
MAQuillAGE 心機彩粧(原: SHISEIDO 資生堂東京櫃),水蜜光精華無瑕粉底SPF50+/PA++++(新升級),2025/07,6,因為女鵝慣用這瓶的 舊款 而且舊款又用完了 所以 我就幫她補貨 女鵝是敏感乾肌 她用這款覺得輕透又保濕👍 目前是她的主力底妝產品 還嚷著我買一瓶太少 她很快就會用完😵 購入的色號是20號粉體顏色看起來比舊款的同色號顏色還淺推開來很水潤而且粉體推開來後 還有微亮感膚色看起來更透亮 這款改版後的質地
MAQuillAGE 心機彩粧(原: SHISEIDO 資生堂東京櫃),水蜜光精華無瑕粉底SPF50+/PA++++(新升級),2025/07,6,MAQuillAGE 心機彩粧的精華粉底升級啦！從黑色瓶身變成白色系的，成分上也升級了！✔️世界首創「Serum First Technology 精華裹妝科技」精華液包覆粉體，底妝更保濕服貼 ✔️高滲透潤澤精華，上妝即保養！ ✔️全天持妝13小時，光澤不消失 ✔️高遮瑕、0浮粉 質地真的像精華一樣
MAQuillAGE 心機彩粧(原: SHISEIDO 資生堂東京櫃),水蜜光精華無瑕粉底SPF50+/PA++++(新升級),2025/07,6,底妝品習慣使用資生堂，粉底液色號選擇以OC20自然色首選。粉底液瓶身設計輕巧、按壓瓶設計，整體有質感。 以前粉底液會附海綿一片，後續推出的新品皆未附，習慣使用海綿拍抹，就必須自己另外購買海綿。 於隔離乳後，壓取一下到底的量，先以海綿點於額頭、兩頰、鼻部與下巴，再以海綿推開抹勻。稠感質地、無香味，容
MAQuillAGE 心機彩粧(原: SHISEIDO 資生堂東京櫃),水蜜光精華無瑕粉底SPF50+/PA++++(新升級),2025/07,6,這瓶心機的粉底是5月中在日本買的，但它好像在日本已經上市ㄧ陣子了，那時就有想去日本時購入，台灣終於也要進了，舊款的已經很好用了。升級版的覺得遮瑕度更好，然後延展性跟舊款的差不多，用量不用太多就可以上全臉。保濕度好～但又不會黏膩，適合夏天也適合冬天。是一款不分季節的粉底～。色號是10號～偏白色號，日本熱
